	player	hardWin	clayWin	grassWin	hardLose	clayLose	grassLose
0	Taino E.	0.8571428571428571	0.6666666666666666	0.5	0.14285714285714285	0.3333333333333333	0.5
1	Brzezicki J.P.	0.5	0.875	0.5	0.5	0.125	0.5
2	Giustino L.	0.5	0.5	0.5	0.5	0.5	0.5
3	Munar J.	0.5	0.6666666666666666	0.5	0.5	0.3333333333333333	0.5
4	Duclos P.L.	0.6666666666666666	0.5	0.5	0.3333333333333333	0.5	0.5
5	Chiudinelli M.	0.9545454545454546	0.8888888888888888	0.875	0.045454545454545456	0.1111111111111111	0.125
6	Zitko R.	0.5	0.5	0.5	0.5	0.5	0.5
7	Podlipnik H.	0.5	0.5	0.5	0.5	0.5	0.5
8	Rosenholm P.	0.6666666666666666	0.5	0.5	0.3333333333333333	0.5	0.5
9	Giron M.	0.5	0.5	0.5	0.5	0.5	0.5
10	Yu X.Y.	0.5	0.5	0.5	0.5	0.5	0.5
11	Johansson J.	0.9818181818181818	0.75	0.875	0.01818181818181818	0.25	0.125
12	Klahn B.	0.8333333333333334	0.5	0.5	0.16666666666666666	0.5	0.5
13	Russell M.	0.9818181818181818	0.9230769230769231	0.9166666666666666	0.01818181818181818	0.07692307692307693	0.08333333333333333
14	Baker B.	0.9166666666666666	0.8571428571428571	0.8571428571428571	0.08333333333333333	0.14285714285714285	0.14285714285714285
15	Estrella Burgos V.	0.9	0.9615384615384616	0.8333333333333334	0.1	0.038461538461538464	0.16666666666666666
16	Woodruff C.	0.9166666666666666	0.5	0.6666666666666666	0.08333333333333333	0.5	0.3333333333333333
17	March O.	0.5	0.5	0.5	0.5	0.5	0.5
18	Lee H.T.	0.9868421052631579	0.9545454545454546	0.9473684210526315	0.013157894736842105	0.045454545454545456	0.05263157894736842
19	Prodon E.	0.5	0.6666666666666666	0.5	0.5	0.3333333333333333	0.5
20	Do M.Q.	0.5	0.5	0.5	0.5	0.5	0.5
21	Ouanna J.	0.75	0.75	0.5	0.25	0.25	0.5
22	Ball C.	0.75	0.6666666666666666	0.5	0.25	0.3333333333333333	0.5
23	Miranda I.	0.75	0.8	0.75	0.25	0.2	0.25
24	Martin A.	0.9777777777777777	0.9913793103448276	0.75	0.022222222222222223	0.008620689655172414	0.25
25	Vinciguerra A.	0.9642857142857143	0.9333333333333333	0.6666666666666666	0.03571428571428571	0.06666666666666667	0.3333333333333333
26	Guez D.	0.5	0.5	0.5	0.5	0.5	0.5
27	Petzschner P.	0.9772727272727273	0.9285714285714286	0.9444444444444444	0.022727272727272728	0.07142857142857142	0.05555555555555555
28	El Aynaoui Y.	0.9811320754716981	0.9830508474576272	0.8888888888888888	0.018867924528301886	0.01694915254237288	0.1111111111111111
29	Fabbiano T.	0.8333333333333334	0.6666666666666666	0.5	0.16666666666666666	0.3333333333333333	0.5
30	Jones G.D.	0.5	0.5	0.5	0.5	0.5	0.5
31	Vahaly B.	0.9473684210526315	0.6666666666666666	0.8	0.05263157894736842	0.3333333333333333	0.2
32	Norby R.	0.5	0.5	0.5	0.5	0.5	0.5
33	Marti J.	0.5	0.6666666666666666	0.6666666666666666	0.5	0.3333333333333333	0.3333333333333333
34	Mertens Y.	0.6666666666666666	0.5	0.5	0.3333333333333333	0.5	0.5
35	Neumuller I.	0.5	0.5	0.5	0.5	0.5	0.5
36	Sweeting R.	0.9545454545454546	0.9	0.8	0.045454545454545456	0.1	0.2
37	Ittogi T.	0.5	0.5	0.5	0.5	0.5	0.5
38	Soderling R.	0.9929577464788732	0.9827586206896551	0.96	0.007042253521126761	0.017241379310344827	0.04
39	Hrbaty D.	0.9918032786885246	0.98	0.8571428571428571	0.00819672131147541	0.02	0.14285714285714285
40	Eagle J.	0.5	0.5	0.5	0.5	0.5	0.5
41	Stepanek R.	0.9941176470588236	0.9886363636363636	0.9761904761904762	0.0058823529411764705	0.011363636363636364	0.023809523809523808
42	Van Der Merwe I.	0.8333333333333334	0.5	0.75	0.16666666666666666	0.5	0.25
43	Nedovyesov A.	0.75	0.75	0.5	0.25	0.25	0.5
44	Verkerk M.	0.9444444444444444	0.9666666666666667	0.8	0.05555555555555555	0.03333333333333333	0.2
45	Jasika O.	0.6666666666666666	0.5	0.5	0.3333333333333333	0.5	0.5
46	Joyce M.	0.75	0.5	0.5	0.25	0.5	0.5
47	Di Mauro A.	0.5	0.6666666666666666	0.5	0.5	0.3333333333333333	0.5
48	Cadart R.	0.75	0.5	0.5	0.25	0.5	0.5
49	Van Rijthoven T.	0.5	0.5	0.5	0.5	0.5	0.5
50	Statham J.	0.6666666666666666	0.5	0.5	0.3333333333333333	0.5	0.5
51	Struff J.L.	0.9565217391304348	0.9166666666666666	0.8	0.043478260869565216	0.08333333333333333	0.2
52	Nedovyesov O.	0.5	0.5	0.5	0.5	0.5	0.5
53	Niki T.	0.5	0.5	0.5	0.5	0.5	0.5
54	Zhang Z.	0.8	0.5	0.6666666666666666	0.2	0.5	0.3333333333333333
55	Falla A.	0.9811320754716981	0.96	0.9444444444444444	0.018867924528301886	0.04	0.05555555555555555
56	Lindahl N.	0.6666666666666666	0.5	0.5	0.3333333333333333	0.5	0.5
57	Behrmann M.	0.5	0.5	0.5	0.5	0.5	0.5
58	Mesaros K.	0.5	0.5	0.5	0.5	0.5	0.5
59	Crabb J.	0.6666666666666666	0.5	0.5	0.3333333333333333	0.5	0.5
60	Clayton A.	0.5	0.5	0.5	0.5	0.5	0.5
61	Ancic I.	0.5	0.5	0.75	0.5	0.5	0.25
62	Dabrowski B.	0.5	0.5	0.5	0.5	0.5	0.5
63	Horna L.	0.9705882352941176	0.9879518072289156	0.5	0.029411764705882353	0.012048192771084338	0.5
64	Andreozzi G.	0.5	0.6666666666666666	0.5	0.5	0.3333333333333333	0.5
65	Behrend T.	0.8888888888888888	0.9583333333333334	0.5	0.1111111111111111	0.041666666666666664	0.5
66	Nielsen M.	0.6666666666666666	0.5	0.5	0.3333333333333333	0.5	0.5
67	Harsanyi P.	0.5	0.5	0.5	0.5	0.5	0.5
68	Rafter P.	0.9714285714285714	0.5	0.9090909090909091	0.02857142857142857	0.5	0.09090909090909091
69	Gregorc L.	0.875	0.5	0.5	0.125	0.5	0.5
70	Novak D.	0.5	0.6666666666666666	0.5	0.5	0.3333333333333333	0.5
71	Bautista R.	0.9888888888888889	0.9714285714285714	0.9333333333333333	0.011111111111111112	0.02857142857142857	0.06666666666666667
72	Guzman J.P.	0.6666666666666666	0.8571428571428571	0.5	0.3333333333333333	0.14285714285714285	0.5
73	Eitzinger R.	0.6666666666666666	0.75	0.5	0.3333333333333333	0.25	0.5
74	Paire B.	0.9838709677419355	0.9811320754716981	0.9166666666666666	0.016129032258064516	0.018867924528301886	0.08333333333333333
75	Manta L.	0.5	0.5	0.5	0.5	0.5	0.5
76	Haji A.	0.5	0.5	0.5	0.5	0.5	0.5
77	Ferreiro F.	0.5	0.5	0.5	0.5	0.5	0.5
78	Abel M.	0.6666666666666666	0.6666666666666666	0.5	0.3333333333333333	0.3333333333333333	0.5
79	Gonzalez A.	0.875	0.875	0.5	0.125	0.125	0.5
80	Anderson O.	0.5	0.5	0.5	0.5	0.5	0.5
81	Zayed M. S.	0.5	0.5	0.5	0.5	0.5	0.5
82	Arguello F.	0.5	0.6666666666666666	0.5	0.5	0.3333333333333333	0.5
83	Viola Mat.	0.5	0.5	0.5	0.5	0.5	0.5
84	Lama G.	0.5	0.5	0.5	0.5	0.5	0.5
85	Roux L.	0.6666666666666666	0.5	0.5	0.3333333333333333	0.5	0.5
86	Navarro-Pastor I.	0.8333333333333334	0.9523809523809523	0.8	0.16666666666666666	0.047619047619047616	0.2
87	Reister J.	0.5	0.9230769230769231	0.8	0.5	0.07692307692307693	0.2
88	Betov S.	0.5	0.5	0.5	0.5	0.5	0.5
89	Navarra M.	0.5	0.5	0.5	0.5	0.5	0.5
90	Bolt A.	0.5	0.5	0.5	0.5	0.5	0.5
91	Becker B.	0.98989898989899	0.9230769230769231	0.9666666666666667	0.010101010101010102	0.07692307692307693	0.03333333333333333
92	Roitman S.	0.75	0.9545454545454546	0.6666666666666666	0.25	0.045454545454545456	0.3333333333333333
93	Corretja A.	0.9736842105263158	0.9814814814814815	0.5	0.02631578947368421	0.018518518518518517	0.5
94	Rosol L.	0.9821428571428571	0.9782608695652174	0.8888888888888888	0.017857142857142856	0.021739130434782608	0.1111111111111111
95	Millot V.	0.8571428571428571	0.5	0.5	0.14285714285714285	0.5	0.5
96	Terachi T.	0.8333333333333334	0.5	0.5	0.16666666666666666	0.5	0.5
97	Cermak F.	0.5	0.9	0.6666666666666666	0.5	0.1	0.3333333333333333
98	Kravchuk K.	0.8	0.6666666666666666	0.5	0.2	0.3333333333333333	0.5
99	Ascione T.	0.9090909090909091	0.9090909090909091	0.5	0.09090909090909091	0.09090909090909091	0.5
100	Golovanov D.	0.5	0.5	0.5	0.5	0.5	0.5
101	Minar I.	0.9444444444444444	0.9230769230769231	0.75	0.05555555555555555	0.07692307692307693	0.25
102	Skoch D.	0.5	0.5	0.5	0.5	0.5	0.5
103	Junaid R.	0.5	0.5	0.5	0.5	0.5	0.5
104	Arazi H.	0.975	0.9545454545454546	0.9230769230769231	0.025	0.045454545454545456	0.07692307692307693
105	Luxa P.	0.5	0.5	0.5	0.5	0.5	0.5
106	Mello R.	0.96875	0.9545454545454546	0.6666666666666666	0.03125	0.045454545454545456	0.3333333333333333
107	Wiltschnig H.	0.5	0.5	0.5	0.5	0.5	0.5
108	Chadaj A.	0.5	0.6666666666666666	0.5	0.5	0.3333333333333333	0.5
109	Olejniczak D.	0.5	0.5	0.5	0.5	0.5	0.5
110	Radic M.	0.5	0.75	0.5	0.5	0.25	0.5
111	Lopez-Perez E.	0.5	0.5	0.5	0.5	0.5	0.5
112	Albot R.	0.75	0.75	0.6666666666666666	0.25	0.25	0.3333333333333333
113	Burquier G.	0.5	0.5	0.5	0.5	0.5	0.5
114	Bachinger M.	0.9285714285714286	0.9090909090909091	0.75	0.07142857142857142	0.09090909090909091	0.25
115	Golubev A.	0.9629629629629629	0.9444444444444444	0.5	0.037037037037037035	0.05555555555555555	0.5
116	Carlsen K.	0.9838709677419355	0.8	0.9411764705882353	0.016129032258064516	0.2	0.058823529411764705
117	Minar J.	0.5	0.5	0.5	0.5	0.5	0.5
118	Hocevar R.	0.5	0.5	0.5	0.5	0.5	0.5
119	Flygt K.	0.5	0.5	0.5	0.5	0.5	0.5
120	Silva J.	0.5	0.75	0.5	0.5	0.25	0.5
121	Zimonjic N.	0.5	0.6666666666666666	0.75	0.5	0.3333333333333333	0.25
122	Baluda V.	0.5	0.5	0.5	0.5	0.5	0.5
123	Deheart R.	0.5	0.5	0.5	0.5	0.5	0.5
124	Hernandez O.	0.8	0.9791666666666666	0.5	0.2	0.020833333333333332	0.5
125	Aldi F.	0.5	0.6666666666666666	0.5	0.5	0.3333333333333333	0.5
126	Sherwood D.	0.5	0.5	0.6666666666666666	0.5	0.5	0.3333333333333333
127	Daniel T.	0.75	0.8888888888888888	0.5	0.25	0.1111111111111111	0.5
128	Levine J.	0.9444444444444444	0.6666666666666666	0.875	0.05555555555555555	0.3333333333333333	0.125
129	Garcia-Lopez G.	0.990990990990991	0.991304347826087	0.9545454545454546	0.009009009009009009	0.008695652173913044	0.045454545454545456
130	Williams R.	0.8333333333333334	0.8	0.5	0.16666666666666666	0.2	0.5
131	Kubler J.	0.5	0.6666666666666666	0.5	0.5	0.3333333333333333	0.5
132	Koderisch C.	0.5	0.5	0.5	0.5	0.5	0.5
133	Haehnel J.	0.875	0.6666666666666666	0.5	0.125	0.3333333333333333	0.5
134	Thompson C.	0.5	0.5	0.5	0.5	0.5	0.5
135	Wagh A.	0.5	0.5	0.5	0.5	0.5	0.5
136	Nikles J.	0.5	0.5	0.5	0.5	0.5	0.5
137	Teixeira M.	0.5	0.6666666666666666	0.5	0.5	0.3333333333333333	0.5
138	Ward J.	0.8	0.6666666666666666	0.9166666666666666	0.2	0.3333333333333333	0.08333333333333333
139	Mankad H.	0.5	0.5	0.5	0.5	0.5	0.5
140	Kuznetsov A.	0.75	0.6666666666666666	0.75	0.25	0.3333333333333333	0.25
141	Siemerink J.	0.875	0.8333333333333334	0.75	0.125	0.16666666666666666	0.25
142	Kim K.	0.96875	0.75	0.75	0.03125	0.25	0.25
143	Kavcic B.	0.95	0.9523809523809523	0.6666666666666666	0.05	0.047619047619047616	0.3333333333333333
144	Moeller M.	0.5	0.5	0.5	0.5	0.5	0.5
145	Lajovic D.	0.9473684210526315	0.9714285714285714	0.6666666666666666	0.05263157894736842	0.02857142857142857	0.3333333333333333
146	Gomez A.	0.5	0.6666666666666666	0.5	0.5	0.3333333333333333	0.5
147	Reid T.	0.9230769230769231	0.5	0.8	0.07692307692307693	0.5	0.2
148	Crivoi V.	0.6666666666666666	0.8333333333333334	0.5	0.3333333333333333	0.16666666666666666	0.5
149	Marcan D.	0.5	0.5	0.5	0.5	0.5	0.5
150	Bopanna R.	0.6666666666666666	0.5	0.8	0.3333333333333333	0.5	0.2
151	Gomez-Herrera C.	0.5	0.5	0.5	0.5	0.5	0.5
152	Hernych J.	0.9722222222222222	0.9230769230769231	0.9523809523809523	0.027777777777777776	0.07692307692307693	0.047619047619047616
153	Roger-Vasselin E.	0.9791666666666666	0.9545454545454546	0.9444444444444444	0.020833333333333332	0.045454545454545456	0.05555555555555555
154	King K.	0.5	0.5	0.5	0.5	0.5	0.5
155	Safin M.	0.9924812030075187	0.9848484848484849	0.96	0.007518796992481203	0.015151515151515152	0.04
156	Vagnozzi S.	0.5	0.8333333333333334	0.5	0.5	0.16666666666666666	0.5
157	Popp A.	0.9166666666666666	0.8571428571428571	0.9545454545454546	0.08333333333333333	0.14285714285714285	0.045454545454545456
158	Roddick A.	0.9972826086956522	0.984375	0.9866666666666667	0.002717391304347826	0.015625	0.013333333333333334
159	Sousa T.	0.5	0.5	0.5	0.5	0.5	0.5
160	Bourgeois L.	0.5	0.5	0.5	0.5	0.5	0.5
161	Ebden M.	0.967741935483871	0.6666666666666666	0.875	0.03225806451612903	0.3333333333333333	0.125
162	Mitchell B.	0.5	0.5	0.5	0.5	0.5	0.5
163	Sousa J.	0.9818181818181818	0.975609756097561	0.9	0.01818181818181818	0.024390243902439025	0.1
164	Sabau R.	0.6666666666666666	0.9166666666666666	0.6666666666666666	0.3333333333333333	0.08333333333333333	0.3333333333333333
165	Luque D.	0.5	0.5	0.5	0.5	0.5	0.5
166	Elias G.	0.75	0.9375	0.5	0.25	0.0625	0.5
167	Armando H.	0.75	0.9230769230769231	0.5	0.25	0.07692307692307693	0.5
168	Gard C.	0.5	0.5	0.5	0.5	0.5	0.5
169	Moriya H.	0.75	0.5	0.5	0.25	0.5	0.5
170	Canas G.	0.9887640449438202	0.9897959183673469	0.9565217391304348	0.011235955056179775	0.01020408163265306	0.043478260869565216
171	Mertinak M.	0.5	0.75	0.75	0.5	0.25	0.25
172	Larose S.	0.8333333333333334	0.5	0.5	0.16666666666666666	0.5	0.5
173	Ianni S.	0.5	0.6666666666666666	0.5	0.5	0.3333333333333333	0.5
174	Bohli S.	0.5	0.6666666666666666	0.5	0.5	0.3333333333333333	0.5
175	Androic T.	0.5	0.5	0.5	0.5	0.5	0.5
176	Barton M.	0.6666666666666666	0.6666666666666666	0.6666666666666666	0.3333333333333333	0.3333333333333333	0.3333333333333333
177	Elgin M.	0.5	0.5	0.5	0.5	0.5	0.5
178	Carreno-Busta P.	0.9333333333333333	0.967741935483871	0.5	0.06666666666666667	0.03225806451612903	0.5
179	Nadal-Parera R.	0.5	0.6666666666666666	0.5	0.5	0.3333333333333333	0.5
180	Arvidsson I.	0.5	0.5	0.5	0.5	0.5	0.5
181	Piccari F.	0.5	0.5	0.5	0.5	0.5	0.5
182	Allegro Y.	0.5	0.5	0.8333333333333334	0.5	0.5	0.16666666666666666
183	Agaev E.	0.5	0.5	0.5	0.5	0.5	0.5
184	Fraile G.	0.5	0.6666666666666666	0.5	0.5	0.3333333333333333	0.5
185	Rocha D.	0.5	0.6666666666666666	0.5	0.5	0.3333333333333333	0.5
186	Donaldson J.	0.9166666666666666	0.5	0.6666666666666666	0.08333333333333333	0.5	0.3333333333333333
187	Arquez P.	0.5	0.5	0.5	0.5	0.5	0.5
188	Levinsky J.	0.5	0.5	0.5	0.5	0.5	0.5
189	Klaasen R.	0.6666666666666666	0.5	0.75	0.3333333333333333	0.5	0.25
190	Trevisan M.	0.5	0.5	0.5	0.5	0.5	0.5
191	Bruguera S.	0.5	0.9411764705882353	0.5	0.5	0.058823529411764705	0.5
192	Rufin G.	0.9090909090909091	0.8333333333333334	0.75	0.09090909090909091	0.16666666666666666	0.25
193	Tobon M.	0.5	0.6666666666666666	0.5	0.5	0.3333333333333333	0.5
194	Kempes E.	0.8571428571428571	0.6666666666666666	0.5	0.14285714285714285	0.3333333333333333	0.5
195	Craca M.	0.5	0.5	0.5	0.5	0.5	0.5
196	Dupuis A.	0.967741935483871	0.9523809523809523	0.95	0.03225806451612903	0.047619047619047616	0.05
197	Fognini F.	0.9857142857142858	0.9924242424242424	0.9285714285714286	0.014285714285714285	0.007575757575757576	0.07142857142857142
198	Goldstein P.	0.975	0.9	0.8333333333333334	0.025	0.1	0.16666666666666666
199	Chaen T.	0.5	0.5	0.5	0.5	0.5	0.5
200	Ferrero J.	0.5	0.5	0.5	0.5	0.5	0.5
201	Damm M.	0.6666666666666666	0.5	0.6666666666666666	0.3333333333333333	0.5	0.3333333333333333
202	Pozzi G.	0.875	0.5	0.6666666666666666	0.125	0.5	0.3333333333333333
203	Boeker M.	0.6666666666666666	0.5	0.5	0.3333333333333333	0.5	0.5
204	Johansson T.	0.9911504424778761	0.9523809523809523	0.9705882352941176	0.008849557522123894	0.047619047619047616	0.029411764705882353
205	Tebbutt M.	0.6666666666666666	0.5	0.5	0.3333333333333333	0.5	0.5
206	Granollers-Pujol M.	0.5	0.5	0.5	0.5	0.5	0.5
207	Monfils G.	0.9950248756218906	0.98989898989899	0.9666666666666667	0.004975124378109453	0.010101010101010102	0.03333333333333333
208	Kozlov S.	0.5	0.5	0.8	0.5	0.5	0.2
209	Herbert P.H	0.8888888888888888	0.6666666666666666	0.5	0.1111111111111111	0.3333333333333333	0.5
210	Kucera V.	0.6666666666666666	0.5	0.5	0.3333333333333333	0.5	0.5
211	Henman T.	0.9920634920634921	0.9743589743589743	0.975609756097561	0.007936507936507936	0.02564102564102564	0.024390243902439025
212	Vega Hernandez D.	0.5	0.5	0.5	0.5	0.5	0.5
213	Fleming C.	0.5	0.5	0.5	0.5	0.5	0.5
214	Demoliner M.	0.5	0.6666666666666666	0.5	0.5	0.3333333333333333	0.5
215	Fukarek O.	0.6666666666666666	0.5	0.6666666666666666	0.3333333333333333	0.5	0.3333333333333333
216	De Heart R.	0.6666666666666666	0.5	0.5	0.3333333333333333	0.5	0.5
217	Rodrigues M.	0.6666666666666666	0.5	0.5	0.3333333333333333	0.5	0.5
218	Fratangelo B.	0.8571428571428571	0.6666666666666666	0.5	0.14285714285714285	0.3333333333333333	0.5
219	El Aarej M.	0.5	0.6666666666666666	0.5	0.5	0.3333333333333333	0.5
220	Robredo R.	0.6666666666666666	0.5	0.5	0.3333333333333333	0.5	0.5
221	Evans B.	0.6666666666666666	0.5	0.75	0.3333333333333333	0.5	0.25
222	Donskoy E.	0.9545454545454546	0.8	0.8	0.045454545454545456	0.2	0.2
223	Davydenko P.	0.5	0.6666666666666666	0.5	0.5	0.3333333333333333	0.5
224	Satral J.	0.6666666666666666	0.5	0.5	0.3333333333333333	0.5	0.5
225	Diaz J.	0.75	0.8888888888888888	0.5	0.25	0.1111111111111111	0.5
226	Dell'Acqua M.	0.5	0.5	0.6666666666666666	0.5	0.5	0.3333333333333333
227	Sanchez D.	0.9090909090909091	0.9866666666666667	0.5	0.09090909090909091	0.013333333333333334	0.5
228	Zovko L.	0.6666666666666666	0.5	0.5	0.3333333333333333	0.5	0.5
229	Gimelstob J.	0.9615384615384616	0.75	0.9411764705882353	0.038461538461538464	0.25	0.058823529411764705
230	Evans D.	0.9166666666666666	0.5	0.8888888888888888	0.08333333333333333	0.5	0.1111111111111111
231	Willman D.	0.5	0.5	0.5	0.5	0.5	0.5
232	Gabashvili T.	0.9811320754716981	0.9722222222222222	0.875	0.018867924528301886	0.027777777777777776	0.125
233	Panfil G.	0.5	0.5	0.5	0.5	0.5	0.5
234	Marchenko I.	0.9705882352941176	0.8	0.875	0.029411764705882353	0.2	0.125
235	Levy H.	0.9285714285714286	0.9090909090909091	0.8571428571428571	0.07142857142857142	0.09090909090909091	0.14285714285714285
236	Michon A.	0.5	0.6666666666666666	0.5	0.5	0.3333333333333333	0.5
237	Dailey Z.	0.5	0.5	0.5	0.5	0.5	0.5
238	Fruttero J.P.	0.5	0.5	0.5	0.5	0.5	0.5
239	Grosjean S.	0.9918032786885246	0.9807692307692307	0.9736842105263158	0.00819672131147541	0.019230769230769232	0.02631578947368421
240	Gremelmayr D.	0.9375	0.9333333333333333	0.75	0.0625	0.06666666666666667	0.25
241	Sarkissian A.	0.6666666666666666	0.6666666666666666	0.5	0.3333333333333333	0.3333333333333333	0.5
242	Spracklin T.	0.5	0.5	0.5	0.5	0.5	0.5
243	Muster T.	0.5	0.5	0.5	0.5	0.5	0.5
244	Reynolds B.	0.9473684210526315	0.8	0.8571428571428571	0.05263157894736842	0.2	0.14285714285714285
245	Aranguren J.M.	0.5	0.5	0.5	0.5	0.5	0.5
246	Haider-Maurer A.	0.9285714285714286	0.9583333333333334	0.8333333333333334	0.07142857142857142	0.041666666666666664	0.16666666666666666
247	Struff J-L.	0.5	0.5	0.5	0.5	0.5	0.5
248	Hadad M.	0.5	0.75	0.5	0.5	0.25	0.5
249	Goffin D.	0.9879518072289156	0.9696969696969697	0.9375	0.012048192771084338	0.030303030303030304	0.0625
250	Norman D.	0.8	0.8	0.875	0.2	0.2	0.125
251	Peya A.	0.8571428571428571	0.875	0.8	0.14285714285714285	0.125	0.2
252	Odesnik W.	0.9444444444444444	0.9375	0.5	0.05555555555555555	0.0625	0.5
253	Galdon P.	0.5	0.5	0.5	0.5	0.5	0.5
254	Paes L.	0.5	0.5	0.6666666666666666	0.5	0.5	0.3333333333333333
255	Pospisil V.	0.984375	0.8333333333333334	0.9230769230769231	0.015625	0.16666666666666666	0.07692307692307693
256	Cuadrado C.	0.5	0.8333333333333334	0.5	0.5	0.16666666666666666	0.5
257	Trinker B.	0.5	0.6666666666666666	0.5	0.5	0.3333333333333333	0.5
258	Matos-Gil I.	0.5	0.5	0.5	0.5	0.5	0.5
259	Dorsch B.	0.5	0.5	0.5	0.5	0.5	0.5
260	Davydenko N.	0.9953488372093023	0.993421052631579	0.8888888888888888	0.004651162790697674	0.006578947368421052	0.1111111111111111
261	Veronelli D.	0.5	0.75	0.5	0.5	0.25	0.5
262	Johnson S.	0.9848484848484849	0.9	0.9523809523809523	0.015151515151515152	0.1	0.047619047619047616
263	Monaco J.	0.989010989010989	0.9948717948717949	0.875	0.01098901098901099	0.005128205128205128	0.125
264	Moyano D.	0.5	0.5	0.5	0.5	0.5	0.5
265	Querrey S.	0.99375	0.9714285714285714	0.9761904761904762	0.00625	0.02857142857142857	0.023809523809523808
266	Smith L.	0.5	0.5	0.5	0.5	0.5	0.5
267	Gumy H.	0.5	0.6666666666666666	0.5	0.5	0.3333333333333333	0.5
268	Dabul B.	0.8333333333333334	0.8	0.8	0.16666666666666666	0.2	0.2
269	Andreev I.	0.9852941176470589	0.98989898989899	0.9333333333333333	0.014705882352941176	0.010101010101010102	0.06666666666666667
270	Bahrouzyan O.	0.5	0.5	0.5	0.5	0.5	0.5
271	Bastl G.	0.95	0.5	0.8	0.05	0.5	0.2
272	Khalfan S.	0.5	0.5	0.5	0.5	0.5	0.5
273	Montanes A.	0.9705882352941176	0.9949238578680203	0.8333333333333334	0.029411764705882353	0.005076142131979695	0.16666666666666666
274	Thron A.	0.5	0.5	0.5	0.5	0.5	0.5
275	Korteling S.	0.5	0.5	0.5	0.5	0.5	0.5
276	Hemery C.	0.5	0.6666666666666666	0.5	0.5	0.3333333333333333	0.5
277	Alves T.	0.8333333333333334	0.6666666666666666	0.6666666666666666	0.16666666666666666	0.3333333333333333	0.3333333333333333
278	Sadecky A.	0.5	0.6666666666666666	0.5	0.5	0.3333333333333333	0.5
279	Knippschild J.	0.5	0.875	0.6666666666666666	0.5	0.125	0.3333333333333333
280	Del Potro J.	0.5	0.75	0.5	0.5	0.25	0.5
281	Bourgue M.	0.5	0.6666666666666666	0.5	0.5	0.3333333333333333	0.5
282	Zabaleta M.	0.9696969696969697	0.98989898989899	0.5	0.030303030303030304	0.010101010101010102	0.5
283	Viola M.	0.75	0.75	0.5	0.25	0.25	0.5
284	Lu H.	0.6666666666666666	0.5	0.5	0.3333333333333333	0.5	0.5
285	Tahiri M.	0.5	0.6666666666666666	0.5	0.5	0.3333333333333333	0.5
286	Bellier A.	0.5	0.5	0.5	0.5	0.5	0.5
287	Ionita V.	0.5	0.5	0.5	0.5	0.5	0.5
288	Gojowczyk P.	0.9	0.5	0.75	0.1	0.5	0.25
289	Ondruska M.	0.5	0.6666666666666666	0.5	0.5	0.3333333333333333	0.5
290	Farah R.	0.5	0.8	0.5	0.5	0.2	0.5
291	Ivashka I.	0.5	0.5	0.5	0.5	0.5	0.5
292	Oudsema S.	0.6666666666666666	0.5	0.5	0.3333333333333333	0.5	0.5
293	Paul T.	0.5	0.6666666666666666	0.5	0.5	0.3333333333333333	0.5
294	Vasilevski A.	0.5	0.5	0.5	0.5	0.5	0.5
295	Puerta M.	0.9090909090909091	0.9736842105263158	0.5	0.09090909090909091	0.02631578947368421	0.5
296	Miyao J.	0.5	0.5	0.5	0.5	0.5	0.5
297	Khachanov K.	0.9230769230769231	0.8571428571428571	0.5	0.07692307692307693	0.14285714285714285	0.5
298	Blake T.	0.6666666666666666	0.5	0.6666666666666666	0.3333333333333333	0.5	0.3333333333333333
299	Rehnquist B.	0.6666666666666666	0.8	0.5	0.3333333333333333	0.2	0.5
300	Altamirano C.	0.5	0.5	0.5	0.5	0.5	0.5
301	Starace P.	0.9523809523809523	0.990909090909091	0.5	0.047619047619047616	0.00909090909090909	0.5
302	Pescariu D.	0.5	0.5	0.5	0.5	0.5	0.5
303	Giannessi A.	0.6666666666666666	0.8	0.5	0.3333333333333333	0.2	0.5
304	Daniel M.	0.5	0.9333333333333333	0.6666666666666666	0.5	0.06666666666666667	0.3333333333333333
305	Ljubicic I.	0.995049504950495	0.9863013698630136	0.9545454545454546	0.0049504950495049506	0.0136986301369863	0.045454545454545456
306	Khaddari H.	0.5	0.5	0.5	0.5	0.5	0.5
307	Devvarman S.	0.9714285714285714	0.875	0.8	0.02857142857142857	0.125	0.2
308	Emmrich M.	0.5	0.5	0.5	0.5	0.5	0.5
309	Ghem A.	0.5	0.75	0.5	0.5	0.25	0.5
310	Buchanan C.	0.5	0.5	0.5	0.5	0.5	0.5
311	Belic L.	0.5	0.5	0.5	0.5	0.5	0.5
312	Lisnard J.R.	0.95	0.9166666666666666	0.6666666666666666	0.05	0.08333333333333333	0.3333333333333333
313	Rublev A.	0.8571428571428571	0.8	0.5	0.14285714285714285	0.2	0.5
314	Brasington J.	0.6666666666666666	0.6666666666666666	0.5	0.3333333333333333	0.3333333333333333	0.5
315	Ferrero J.C.	0.9933333333333333	0.9947089947089947	0.9583333333333334	0.006666666666666667	0.005291005291005291	0.041666666666666664
316	Stebe C.M.	0.75	0.9	0.75	0.25	0.1	0.25
317	Olguin L.	0.5	0.5	0.5	0.5	0.5	0.5
318	Ratiwatana S.	0.5	0.5	0.5	0.5	0.5	0.5
319	Breen M.	0.5	0.5	0.5	0.5	0.5	0.5
320	Niemeyer F.	0.75	0.5	0.6666666666666666	0.25	0.5	0.3333333333333333
321	Heuberger I.	0.9411764705882353	0.75	0.75	0.058823529411764705	0.25	0.25
322	Hajji A.	0.5	0.5	0.5	0.5	0.5	0.5
323	Giner J.	0.5	0.75	0.5	0.5	0.25	0.5
324	Crugnola M.	0.5	0.5	0.5	0.5	0.5	0.5
325	Rochus O.	0.9903846153846154	0.9807692307692307	0.972972972972973	0.009615384615384616	0.019230769230769232	0.02702702702702703
326	Hood M.	0.5	0.5	0.5	0.5	0.5	0.5
327	Pavic A.	0.6666666666666666	0.5	0.75	0.3333333333333333	0.5	0.25
328	Berasategui A.	0.5	0.5	0.5	0.5	0.5	0.5
329	Smit J.	0.5	0.5	0.5	0.5	0.5	0.5
330	Calatrava A.	0.9285714285714286	0.96	0.6666666666666666	0.07142857142857142	0.04	0.3333333333333333
331	Choinski J.	0.5	0.5	0.5	0.5	0.5	0.5
332	Ventura S.	0.6666666666666666	0.9705882352941176	0.5	0.3333333333333333	0.029411764705882353	0.5
333	Labadze I.	0.9411764705882353	0.9545454545454546	0.8571428571428571	0.058823529411764705	0.045454545454545456	0.14285714285714285
334	Jeanpierre J.	0.6666666666666666	0.75	0.5	0.3333333333333333	0.25	0.5
335	Federer R.	0.9982547993019197	0.9946236559139785	0.9928571428571429	0.0017452006980802793	0.005376344086021506	0.007142857142857143
336	Ascione A.	0.6666666666666666	0.5	0.5	0.3333333333333333	0.5	0.5
337	Escobar G.	0.5	0.5	0.5	0.5	0.5	0.5
338	Milojevic N.	0.5	0.6666666666666666	0.5	0.5	0.3333333333333333	0.5
339	Milligan L.	0.5	0.5	0.5	0.5	0.5	0.5
340	Cipolla F.	0.9523809523809523	0.9230769230769231	0.6666666666666666	0.047619047619047616	0.07692307692307693	0.3333333333333333
341	Lareau S.	0.8333333333333334	0.5	0.6666666666666666	0.16666666666666666	0.5	0.3333333333333333
342	Hemmes F.	0.6666666666666666	0.5	0.5	0.3333333333333333	0.5	0.5
343	Eschauer W.	0.6666666666666666	0.9285714285714286	0.6666666666666666	0.3333333333333333	0.07142857142857142	0.3333333333333333
344	Delgado R.	0.9615384615384616	0.8333333333333334	0.6666666666666666	0.038461538461538464	0.16666666666666666	0.3333333333333333
345	Tomic B.	0.9897959183673469	0.9565217391304348	0.9615384615384616	0.01020408163265306	0.043478260869565216	0.038461538461538464
346	Querry S.	0.6666666666666666	0.5	0.6666666666666666	0.3333333333333333	0.5	0.3333333333333333
347	Alami K.	0.5	0.875	0.5	0.5	0.125	0.5
348	Bachelot J.F	0.6666666666666666	0.6666666666666666	0.5	0.3333333333333333	0.3333333333333333	0.5
349	Gaudio G.	0.9782608695652174	0.9939393939393939	0.75	0.021739130434782608	0.006060606060606061	0.25
350	Simmonds P.	0.5	0.5	0.5	0.5	0.5	0.5
351	Krajicek R.	0.9	0.75	0.875	0.1	0.25	0.125
352	Pfeiffer K.	0.5	0.5	0.5	0.5	0.5	0.5
353	Topic J.	0.5	0.5	0.5	0.5	0.5	0.5
354	Etlis G.	0.8	0.875	0.5	0.2	0.125	0.5
355	Condor F.	0.5	0.5	0.5	0.5	0.5	0.5
356	Djokovic N.	0.9976798143851509	0.9935064935064936	0.9830508474576272	0.002320185614849188	0.006493506493506494	0.01694915254237288
357	Bogomolov Jr. A.	0.8	0.5	0.5	0.2	0.5	0.5
358	Mina G.	0.5	0.6666666666666666	0.5	0.5	0.3333333333333333	0.5
359	Jelenic P.	0.6666666666666666	0.5	0.5	0.3333333333333333	0.5	0.5
360	Bracciali D.	0.9090909090909091	0.9166666666666666	0.8888888888888888	0.09090909090909091	0.08333333333333333	0.1111111111111111
361	Berlocq C.	0.9615384615384616	0.9885057471264368	0.8571428571428571	0.038461538461538464	0.011494252873563218	0.14285714285714285
362	Vinck C.	0.75	0.6666666666666666	0.5	0.25	0.3333333333333333	0.5
363	Van der Merwe I.	0.5	0.5	0.5	0.5	0.5	0.5
364	Hormazabal G.	0.5	0.5	0.5	0.5	0.5	0.5
365	Phillips T.	0.5	0.5	0.5	0.5	0.5	0.5
366	Kosakowski D.	0.6666666666666666	0.5	0.5	0.3333333333333333	0.5	0.5
367	Sargsian S.	0.975	0.9523809523809523	0.9166666666666666	0.025	0.047619047619047616	0.08333333333333333
368	Sergeyev I.	0.6666666666666666	0.5	0.5	0.3333333333333333	0.5	0.5
369	Woodbridge T.	0.6666666666666666	0.5	0.8	0.3333333333333333	0.5	0.2
370	Hank T.	0.5	0.5	0.5	0.5	0.5	0.5
371	Cakl T.	0.6666666666666666	0.6666666666666666	0.5	0.3333333333333333	0.3333333333333333	0.5
372	Tsonga J.W.	0.9952380952380953	0.984375	0.975609756097561	0.004761904761904762	0.015625	0.024390243902439025
373	Economidis K.	0.5	0.6666666666666666	0.5	0.5	0.3333333333333333	0.5
374	Alund M.	0.5	0.8888888888888888	0.5	0.5	0.1111111111111111	0.5
375	Shimada T.	0.5	0.5	0.5	0.5	0.5	0.5
376	Echagaray B.	0.5	0.5	0.5	0.5	0.5	0.5
377	Granollers Pujol G.	0.5	0.5	0.5	0.5	0.5	0.5
378	Ilhan M.	0.9090909090909091	0.8571428571428571	0.8	0.09090909090909091	0.14285714285714285	0.2
379	Marrai M.	0.5	0.5	0.5	0.5	0.5	0.5
380	Munoz de la Nava D.	0.5	0.5	0.5	0.5	0.5	0.5
381	Marray J.	0.5	0.5	0.8333333333333334	0.5	0.5	0.16666666666666666
382	Steckley R.	0.5	0.5	0.5	0.5	0.5	0.5
383	van Gemerden M.	0.6666666666666666	0.75	0.6666666666666666	0.3333333333333333	0.25	0.3333333333333333
384	Haas T.	0.9959183673469387	0.987012987012987	0.9696969696969697	0.004081632653061225	0.012987012987012988	0.030303030303030304
385	Silva F.	0.5	0.5	0.5	0.5	0.5	0.5
386	Ehrat S.	0.5	0.5	0.5	0.5	0.5	0.5
387	Kontinen H.	0.5	0.5	0.6666666666666666	0.5	0.5	0.3333333333333333
388	Enqvist T.	0.9836065573770492	0.9375	0.9	0.01639344262295082	0.0625	0.1
389	Cecchinato M.	0.5	0.75	0.5	0.5	0.25	0.5
390	Escobedo E.	0.6666666666666666	0.5	0.6666666666666666	0.3333333333333333	0.5	0.3333333333333333
391	Ivanisevic G.	0.96	0.5	0.9166666666666666	0.04	0.5	0.08333333333333333
392	Behr N.	0.8333333333333334	0.5	0.5	0.16666666666666666	0.5	0.5
393	Albert M.	0.5	0.5	0.5	0.5	0.5	0.5
394	King P.	0.6666666666666666	0.5	0.5	0.3333333333333333	0.5	0.5
395	Abdulla M.	0.5	0.5	0.5	0.5	0.5	0.5
396	Mcgee J.	0.5	0.5	0.5	0.5	0.5	0.5
397	Stadler S.	0.8	0.5	0.8	0.2	0.5	0.2
398	Marcaccio G.	0.5	0.75	0.5	0.5	0.25	0.5
399	 Hajek J.	0.5	0.6666666666666666	0.5	0.5	0.3333333333333333	0.5
400	Black B.	0.8571428571428571	0.5	0.8333333333333334	0.14285714285714285	0.5	0.16666666666666666
401	Istomin D.	0.9891304347826086	0.96875	0.967741935483871	0.010869565217391304	0.03125	0.03225806451612903
402	Young D.	0.9878048780487805	0.8888888888888888	0.9166666666666666	0.012195121951219513	0.1111111111111111	0.08333333333333333
403	Britton D.	0.5	0.5	0.5	0.5	0.5	0.5
404	Borvanov R.	0.5	0.5	0.5	0.5	0.5	0.5
405	Travaglia S.	0.5	0.5	0.5	0.5	0.5	0.5
406	Lejnieks K.	0.5	0.5	0.5	0.5	0.5	0.5
407	Benneteau J.	0.9930555555555556	0.9743589743589743	0.9666666666666667	0.006944444444444444	0.02564102564102564	0.03333333333333333
408	Parada F.	0.5	0.5	0.5	0.5	0.5	0.5
409	Seppi A.	0.9918032786885246	0.9900990099009901	0.9777777777777777	0.00819672131147541	0.009900990099009901	0.022222222222222223
410	Tuksar S.	0.5	0.6666666666666666	0.5	0.5	0.3333333333333333	0.5
411	Fucsovics M.	0.6666666666666666	0.6666666666666666	0.5	0.3333333333333333	0.3333333333333333	0.5
412	Krueger M.	0.5	0.5	0.5	0.5	0.5	0.5
413	Sela D.	0.984375	0.8888888888888888	0.9473684210526315	0.015625	0.1111111111111111	0.05263157894736842
414	Siriluethaiwattana P.	0.5	0.5	0.5	0.5	0.5	0.5
415	Bryan B.	0.8571428571428571	0.5	0.8333333333333334	0.14285714285714285	0.5	0.16666666666666666
416	Lammer M.	0.8333333333333334	0.6666666666666666	0.5	0.16666666666666666	0.3333333333333333	0.5
417	Jaziri M.	0.9655172413793104	0.9	0.875	0.034482758620689655	0.1	0.125
418	Novak J.	0.989247311827957	0.9857142857142858	0.9375	0.010752688172043012	0.014285714285714285	0.0625
419	Scherrer J.	0.5	0.5	0.5	0.5	0.5	0.5
420	Galimberti G.	0.6666666666666666	0.8333333333333334	0.5	0.3333333333333333	0.16666666666666666	0.5
421	Di Pasquale A.	0.6666666666666666	0.5	0.5	0.3333333333333333	0.5	0.5
422	Moldovan I.	0.5	0.6666666666666666	0.5	0.5	0.3333333333333333	0.5
423	Darcis S.	0.9736842105263158	0.9583333333333334	0.8888888888888888	0.02631578947368421	0.041666666666666664	0.1111111111111111
424	Gasquet R.	0.9958847736625515	0.9914529914529915	0.9824561403508771	0.00411522633744856	0.008547008547008548	0.017543859649122806
425	Mertl J.	0.5	0.6666666666666666	0.5	0.5	0.3333333333333333	0.5
426	Thomann N.	0.9	0.6666666666666666	0.6666666666666666	0.1	0.3333333333333333	0.3333333333333333
427	Schuettler P.	0.5	0.75	0.5	0.5	0.25	0.5
428	Ishii Y.	0.5	0.5	0.5	0.5	0.5	0.5
429	Oncins J.	0.5	0.5	0.5	0.5	0.5	0.5
430	Karatsev A.	0.6666666666666666	0.5	0.5	0.3333333333333333	0.5	0.5
431	Ignatik U.	0.5	0.5	0.5	0.5	0.5	0.5
432	Mannarino A.	0.9846153846153847	0.9375	0.9642857142857143	0.015384615384615385	0.0625	0.03571428571428571
433	Pedroso A.	0.5	0.5	0.5	0.5	0.5	0.5
434	Volandri F.	0.9	0.9935897435897436	0.75	0.1	0.00641025641025641	0.25
435	MacLagan M.	0.5	0.5	0.5	0.5	0.5	0.5
436	Burrieza O.	0.5	0.5	0.5	0.5	0.5	0.5
437	Eriksson M.	0.5	0.5	0.5	0.5	0.5	0.5
438	Bryan M.	0.8	0.5	0.6666666666666666	0.2	0.5	0.3333333333333333
439	Reyes-Varela M.A.	0.5	0.5	0.5	0.5	0.5	0.5
440	Trifu G.	0.5	0.75	0.5	0.5	0.25	0.5
441	Ramirez Hidalgo R.	0.5	0.875	0.5	0.5	0.125	0.5
442	Fogues F.	0.5	0.6666666666666666	0.5	0.5	0.3333333333333333	0.5
443	Melzer G.	0.5	0.875	0.5	0.5	0.125	0.5
444	Langer N.	0.5	0.6666666666666666	0.5	0.5	0.3333333333333333	0.5
445	Jeong S.Y.	0.5	0.5	0.5	0.5	0.5	0.5
446	Tursunov D.	0.9929577464788732	0.9666666666666667	0.9696969696969697	0.007042253521126761	0.03333333333333333	0.030303030303030304
447	Couto E.	0.5	0.5	0.5	0.5	0.5	0.5
448	Derepasko A.	0.5	0.5	0.5	0.5	0.5	0.5
449	Li Z.	0.5	0.5	0.5	0.5	0.5	0.5
450	Rodriguez B.	0.5	0.5	0.5	0.5	0.5	0.5
451	Kimmich M.	0.5	0.5	0.5	0.5	0.5	0.5
452	Isner J.	0.9951690821256038	0.9791666666666666	0.9666666666666667	0.004830917874396135	0.020833333333333332	0.03333333333333333
453	Krawietz K.	0.5	0.5	0.5	0.5	0.5	0.5
454	Thomas J.	0.5	0.5	0.5	0.5	0.5	0.5
455	Nalbandian D.	0.9938650306748467	0.9916666666666667	0.967741935483871	0.006134969325153374	0.008333333333333333	0.03225806451612903
456	Krajinovic F.	0.8571428571428571	0.8888888888888888	0.5	0.14285714285714285	0.1111111111111111	0.5
457	Nedelko I.	0.5	0.5	0.5	0.5	0.5	0.5
458	Edmund K.	0.9333333333333333	0.8333333333333334	0.8333333333333334	0.06666666666666667	0.16666666666666666	0.16666666666666666
459	di Mauro A.	0.6666666666666666	0.9285714285714286	0.6666666666666666	0.3333333333333333	0.07142857142857142	0.3333333333333333
460	Gao X.	0.5	0.5	0.5	0.5	0.5	0.5
461	Hadad A.	0.75	0.6666666666666666	0.5	0.25	0.3333333333333333	0.5
462	Kendrick R.	0.9565217391304348	0.6666666666666666	0.8333333333333334	0.043478260869565216	0.3333333333333333	0.16666666666666666
463	Galovic V.	0.5	0.5	0.5	0.5	0.5	0.5
464	Souza J.	0.6666666666666666	0.96	0.5	0.3333333333333333	0.04	0.5
465	Gooding J.	0.5	0.5	0.5	0.5	0.5	0.5
466	Belyaev I.	0.5	0.5	0.5	0.5	0.5	0.5
467	Vico U.	0.75	0.5	0.5	0.25	0.5	0.5
468	Nam H.W.	0.5	0.5	0.5	0.5	0.5	0.5
469	Santoro F.	0.9906542056074766	0.9523809523809523	0.9696969696969697	0.009345794392523364	0.047619047619047616	0.030303030303030304
470	Balcells J.	0.9285714285714286	0.9285714285714286	0.5	0.07142857142857142	0.07142857142857142	0.5
471	Shvec A.	0.5	0.5	0.5	0.5	0.5	0.5
472	Serrano O.	0.5	0.8	0.5	0.5	0.2	0.5
473	Simon G.	0.9949494949494949	0.9915254237288136	0.9705882352941176	0.005050505050505051	0.00847457627118644	0.029411764705882353
474	Prieto S.	0.5	0.5	0.5	0.5	0.5	0.5
475	Onoda M.	0.5	0.5	0.5	0.5	0.5	0.5
476	Gong M.X.	0.5	0.5	0.5	0.5	0.5	0.5
477	Koning M.	0.5	0.5	0.5	0.5	0.5	0.5
478	Olivetti A.	0.8571428571428571	0.5	0.5	0.14285714285714285	0.5	0.5
479	Veger F.	0.5	0.5	0.5	0.5	0.5	0.5
480	Velotti A.	0.5	0.5	0.5	0.5	0.5	0.5
481	Munoz-De La Nava D.	0.8	0.8571428571428571	0.5	0.2	0.14285714285714285	0.5
482	Rettenmaier T.	0.6666666666666666	0.5	0.6666666666666666	0.3333333333333333	0.5	0.3333333333333333
483	Aguilar J.	0.5	0.6666666666666666	0.5	0.5	0.3333333333333333	0.5
484	Godwin N.	0.6666666666666666	0.5	0.875	0.3333333333333333	0.5	0.125
485	Poerschke L.	0.5	0.5	0.5	0.5	0.5	0.5
486	Singh S.	0.5	0.5	0.5	0.5	0.5	0.5
487	Klein B.	0.5	0.5	0.5	0.5	0.5	0.5
488	Motomura G.	0.8	0.5	0.6666666666666666	0.2	0.5	0.3333333333333333
489	Kuznetsov Al.	0.8	0.6666666666666666	0.6666666666666666	0.2	0.3333333333333333	0.3333333333333333
490	Cowan B.	0.5	0.5	0.75	0.5	0.5	0.25
491	Gaio F.	0.5	0.5	0.5	0.5	0.5	0.5
492	Al Khulaifi N.G.	0.5	0.5	0.5	0.5	0.5	0.5
493	Weintraub A.	0.6666666666666666	0.5	0.5	0.3333333333333333	0.5	0.5
494	de Chaunac S.	0.8571428571428571	0.6666666666666666	0.5	0.14285714285714285	0.3333333333333333	0.5
495	Berankis R.	0.9807692307692307	0.8571428571428571	0.75	0.019230769230769232	0.14285714285714285	0.25
496	Simoni A.	0.8571428571428571	0.8333333333333334	0.6666666666666666	0.14285714285714285	0.16666666666666666	0.3333333333333333
497	Schuettler R.	0.9929577464788732	0.9795918367346939	0.9722222222222222	0.007042253521126761	0.02040816326530612	0.027777777777777776
498	Basic M.	0.8	0.6666666666666666	0.6666666666666666	0.2	0.3333333333333333	0.3333333333333333
499	Copil M.	0.9166666666666666	0.8333333333333334	0.8	0.08333333333333333	0.16666666666666666	0.2
500	Okun N.	0.9444444444444444	0.75	0.6666666666666666	0.05555555555555555	0.25	0.3333333333333333
501	Hui J.	0.5	0.5	0.5	0.5	0.5	0.5
502	Guccione C.	0.9545454545454546	0.75	0.8571428571428571	0.045454545454545456	0.25	0.14285714285714285
503	Moraru G.	0.5	0.5	0.5	0.5	0.5	0.5
504	Snobel P.	0.5	0.5	0.5	0.5	0.5	0.5
505	Olivo R.	0.6666666666666666	0.9230769230769231	0.5	0.3333333333333333	0.07692307692307693	0.5
506	Chela J.I.	0.9917355371900827	0.9936708860759493	0.8333333333333334	0.008264462809917356	0.006329113924050633	0.16666666666666666
507	Norman M.	0.96875	0.9411764705882353	0.5	0.03125	0.058823529411764705	0.5
508	Bellucci T.	0.9818181818181818	0.989010989010989	0.875	0.01818181818181818	0.01098901098901099	0.125
509	Brands D.	0.9655172413793104	0.9444444444444444	0.875	0.034482758620689655	0.05555555555555555	0.125
510	Mcclune M.	0.6666666666666666	0.5	0.5	0.3333333333333333	0.5	0.5
511	Desein N.	0.5	0.5	0.5	0.5	0.5	0.5
512	Healey N.	0.8571428571428571	0.5	0.6666666666666666	0.14285714285714285	0.5	0.3333333333333333
513	Massa E.	0.75	0.875	0.5	0.25	0.125	0.5
514	Bautista Agut R.	0.9375	0.9	0.8333333333333334	0.0625	0.1	0.16666666666666666
515	Malisse X.	0.993421052631579	0.975609756097561	0.98	0.006578947368421052	0.024390243902439025	0.02
516	Korolev E.	0.9696969696969697	0.9523809523809523	0.75	0.030303030303030304	0.047619047619047616	0.25
517	Svarc L.	0.5	0.5	0.5	0.5	0.5	0.5
518	Roshardt R.	0.5	0.5	0.5	0.5	0.5	0.5
519	Simonsson F.	0.5	0.5	0.5	0.5	0.5	0.5
520	Hippensteel K.	0.6666666666666666	0.5	0.5	0.3333333333333333	0.5	0.5
521	Londero J.I.	0.5	0.5	0.5	0.5	0.5	0.5
522	Nishioka Y.	0.9230769230769231	0.5	0.5	0.07692307692307693	0.5	0.5
523	Soderlund C.	0.5	0.6666666666666666	0.5	0.5	0.3333333333333333	0.5
524	Bossel A.	0.5	0.5	0.5	0.5	0.5	0.5
525	Kondo H.	0.6666666666666666	0.5	0.5	0.3333333333333333	0.5	0.5
526	Duckworth J.	0.9375	0.8	0.75	0.0625	0.2	0.25
527	Vacek D.	0.75	0.5	0.5	0.25	0.5	0.5
528	Yani M.	0.6666666666666666	0.5	0.8	0.3333333333333333	0.5	0.2
529	Youzhny A.	0.75	0.5	0.5	0.25	0.5	0.5
530	De Bakker T.	0.9642857142857143	0.9545454545454546	0.875	0.03571428571428571	0.045454545454545456	0.125
531	Andersen J.	0.5	0.5	0.5	0.5	0.5	0.5
532	Wang C.	0.6666666666666666	0.5	0.5	0.3333333333333333	0.5	0.5
533	Dzumhur D.	0.9375	0.9333333333333333	0.75	0.0625	0.06666666666666667	0.25
534	Sabry S.	0.5	0.5	0.5	0.5	0.5	0.5
535	Luzzi F.	0.8	0.9230769230769231	0.5	0.2	0.07692307692307693	0.5
536	Eaton C.	0.5	0.5	0.6666666666666666	0.5	0.5	0.3333333333333333
537	Raonic M.	0.9943181818181818	0.9791666666666666	0.9655172413793104	0.005681818181818182	0.020833333333333332	0.034482758620689655
538	Clemens T.	0.75	0.5	0.5	0.25	0.5	0.5
539	Srichaphan P.	0.99375	0.8888888888888888	0.9565217391304348	0.00625	0.1111111111111111	0.043478260869565216
540	Bogaerts R.	0.5	0.5	0.5	0.5	0.5	0.5
541	Klein T.	0.5	0.5	0.5	0.5	0.5	0.5
542	Takeuchi K.	0.5	0.5	0.5	0.5	0.5	0.5
543	Vajda I.	0.5	0.5	0.5	0.5	0.5	0.5
544	Caruso S.	0.5	0.5	0.5	0.5	0.5	0.5
545	Jun W.S.	0.6666666666666666	0.5	0.5	0.3333333333333333	0.5	0.5
546	Koll H.	0.5	0.5	0.5	0.5	0.5	0.5
547	Recouderc L.	0.6666666666666666	0.75	0.5	0.3333333333333333	0.25	0.5
548	Tveit E.	0.5	0.5	0.5	0.5	0.5	0.5
549	Uppal V.	0.5	0.5	0.5	0.5	0.5	0.5
550	Meister N.	0.5	0.5	0.5	0.5	0.5	0.5
551	Kuzmanov D.	0.5	0.5	0.5	0.5	0.5	0.5
552	Clement A.	0.9913793103448276	0.9629629629629629	0.9777777777777777	0.008620689655172414	0.037037037037037035	0.022222222222222223
553	Meligeni F.	0.9411764705882353	0.9642857142857143	0.6666666666666666	0.058823529411764705	0.03571428571428571	0.3333333333333333
554	Yoon Y.	0.6666666666666666	0.5	0.5	0.3333333333333333	0.5	0.5
555	Ramos A.	0.9473684210526315	0.9807692307692307	0.6666666666666666	0.05263157894736842	0.019230769230769232	0.3333333333333333
556	Meffert D.	0.8	0.6666666666666666	0.6666666666666666	0.2	0.3333333333333333	0.3333333333333333
557	Rola B.	0.8	0.8571428571428571	0.6666666666666666	0.2	0.14285714285714285	0.3333333333333333
558	Mayer F.	0.9897959183673469	0.9876543209876543	0.9722222222222222	0.01020408163265306	0.012345679012345678	0.027777777777777776
559	Anderson K.	0.9940119760479041	0.9761904761904762	0.9629629629629629	0.005988023952095809	0.023809523809523808	0.037037037037037035
560	Kauffmann C.	0.5	0.5	0.5	0.5	0.5	0.5
561	Urban F.	0.5	0.5	0.5	0.5	0.5	0.5
562	De Loore J.	0.5	0.5	0.5	0.5	0.5	0.5
563	Smeets R.	0.6666666666666666	0.5	0.5	0.3333333333333333	0.5	0.5
564	Bozic I.	0.5	0.5	0.5	0.5	0.5	0.5
565	Dolgopolov O.	0.9911504424778761	0.9807692307692307	0.9583333333333334	0.008849557522123894	0.019230769230769232	0.041666666666666664
566	Goodall J.	0.5	0.5	0.5	0.5	0.5	0.5
567	Kucera K.	0.9782608695652174	0.8571428571428571	0.9230769230769231	0.021739130434782608	0.14285714285714285	0.07692307692307693
568	Zeballos H.	0.9473684210526315	0.9722222222222222	0.6666666666666666	0.05263157894736842	0.027777777777777776	0.3333333333333333
569	Skugor F.	0.6666666666666666	0.8	0.5	0.3333333333333333	0.2	0.5
570	Delic M.	0.5	0.75	0.5	0.5	0.25	0.5
571	Pouille L.	0.9655172413793104	0.9473684210526315	0.8333333333333334	0.034482758620689655	0.05263157894736842	0.16666666666666666
572	Kukushkin M.	0.9824561403508771	0.95	0.8571428571428571	0.017543859649122806	0.05	0.14285714285714285
573	Fromberg R.	0.6666666666666666	0.5	0.5	0.3333333333333333	0.5	0.5
574	Goransson T.	0.5	0.5	0.5	0.5	0.5	0.5
575	Vardhan V.	0.5	0.5	0.5	0.5	0.5	0.5
576	Kennedy A.	0.5	0.5	0.5	0.5	0.5	0.5
577	Ward A.	0.5	0.5	0.5	0.5	0.5	0.5
578	Pavel A.	0.9855072463768116	0.9838709677419355	0.9166666666666666	0.014492753623188406	0.016129032258064516	0.08333333333333333
579	Sarstrand M.	0.5	0.5	0.5	0.5	0.5	0.5
580	Coppejans K.	0.5	0.5	0.5	0.5	0.5	0.5
581	Lee M.	0.8	0.6666666666666666	0.9166666666666666	0.2	0.3333333333333333	0.08333333333333333
582	Luczak P.	0.9444444444444444	0.9375	0.8333333333333334	0.05555555555555555	0.0625	0.16666666666666666
583	Troicki V.	0.9926470588235294	0.9787234042553191	0.9642857142857143	0.007352941176470588	0.02127659574468085	0.03571428571428571
584	Broady L.	0.5	0.5	0.6666666666666666	0.5	0.5	0.3333333333333333
585	Durek R.	0.5	0.5	0.5	0.5	0.5	0.5
586	Smethurst D.	0.5	0.5	0.5	0.5	0.5	0.5
587	Auckland J.	0.75	0.5	0.5	0.25	0.5	0.5
588	Salzenstein J.	0.875	0.6666666666666666	0.8	0.125	0.3333333333333333	0.2
589	Fischer M.	0.5	0.6666666666666666	0.6666666666666666	0.5	0.3333333333333333	0.3333333333333333
590	Verdasco M.	0.5	0.6666666666666666	0.5	0.5	0.3333333333333333	0.5
591	Vaisse M.	0.5	0.5	0.5	0.5	0.5	0.5
592	Zhang Zh.	0.6666666666666666	0.5	0.5	0.3333333333333333	0.5	0.5
593	Ito Y.	0.5	0.5	0.5	0.5	0.5	0.5
594	Kudryavtsev A.	0.8571428571428571	0.5	0.5	0.14285714285714285	0.5	0.5
595	Koellerer D.	0.8	0.875	0.5	0.2	0.125	0.5
596	Ramirez C.	0.5	0.5	0.5	0.5	0.5	0.5
597	Trujillo G.	0.5	0.6666666666666666	0.5	0.5	0.3333333333333333	0.5
598	Belal C.	0.5	0.5	0.5	0.5	0.5	0.5
599	Salva B.	0.5	0.5	0.5	0.5	0.5	0.5
600	Martin T.	0.9761904761904762	0.9166666666666666	0.9285714285714286	0.023809523809523808	0.08333333333333333	0.07142857142857142
601	Soeda G.	0.96	0.6666666666666666	0.8333333333333334	0.04	0.3333333333333333	0.16666666666666666
602	Hantschk M.	0.8	0.6666666666666666	0.5	0.2	0.3333333333333333	0.5
603	Schalken S.	0.9850746268656716	0.9655172413793104	0.9705882352941176	0.014925373134328358	0.034482758620689655	0.029411764705882353
604	Jiang S.	0.5	0.5	0.5	0.5	0.5	0.5
605	Pashanski B.	0.875	0.9473684210526315	0.5	0.125	0.05263157894736842	0.5
606	Matsukevitch D.	0.5	0.5	0.5	0.5	0.5	0.5
607	Lestienne C.	0.5	0.5	0.5	0.5	0.5	0.5
608	Uebel L.	0.5	0.5	0.5	0.5	0.5	0.5
609	Al Ghareeb M.	0.6666666666666666	0.5	0.5	0.3333333333333333	0.5	0.5
610	Schnur B.	0.5	0.5	0.5	0.5	0.5	0.5
611	Knittel B.	0.5	0.6666666666666666	0.5	0.5	0.3333333333333333	0.5
612	Willis M.	0.5	0.5	0.6666666666666666	0.5	0.5	0.3333333333333333
613	Pavic M.	0.5	0.6666666666666666	0.75	0.5	0.3333333333333333	0.25
614	Ruud C.	0.5	0.8	0.5	0.5	0.2	0.5
615	Kudla D.	0.9375	0.75	0.9333333333333333	0.0625	0.25	0.06666666666666667
616	Ulihrach B.	0.9767441860465116	0.9565217391304348	0.75	0.023255813953488372	0.043478260869565216	0.25
617	Matosevic M.	0.9791666666666666	0.9	0.9	0.020833333333333332	0.1	0.1
618	Gonzalez M.	0.75	0.9375	0.5	0.25	0.0625	0.5
619	Galvani S.	0.8333333333333334	0.9	0.8	0.16666666666666666	0.1	0.2
620	Rusedski G.	0.9873417721518988	0.8571428571428571	0.975609756097561	0.012658227848101266	0.14285714285714285	0.024390243902439025
621	Yoo D.	0.5	0.5	0.5	0.5	0.5	0.5
622	McClune M.	0.5	0.5	0.5	0.5	0.5	0.5
623	Van D. Merwe I.	0.5	0.5	0.5	0.5	0.5	0.5
624	Almagro N.	0.989010989010989	0.9959349593495935	0.9090909090909091	0.01098901098901099	0.0040650406504065045	0.09090909090909091
625	Haider-Mauer A.	0.5	0.6666666666666666	0.5	0.5	0.3333333333333333	0.5
626	Bogomolov Jr.A.	0.6666666666666666	0.5	0.5	0.3333333333333333	0.5	0.5
627	Maamoun K.	0.5	0.5	0.5	0.5	0.5	0.5
628	Kutac R.	0.5	0.5	0.5	0.5	0.5	0.5
629	Sekulic M.	0.5	0.5	0.5	0.5	0.5	0.5
630	Mutis O.	0.8	0.9523809523809523	0.75	0.2	0.047619047619047616	0.25
631	Sanchez De Luna J.	0.5	0.5	0.5	0.5	0.5	0.5
632	Pella G.	0.9	0.9473684210526315	0.5	0.1	0.05263157894736842	0.5
633	Perez D.	0.5	0.6666666666666666	0.5	0.5	0.3333333333333333	0.5
634	Zverev M.	0.9767441860465116	0.9	0.9285714285714286	0.023255813953488372	0.1	0.07142857142857142
635	Struvay E.	0.5	0.5	0.5	0.5	0.5	0.5
636	Tiilikainen K.	0.5	0.5	0.5	0.5	0.5	0.5
637	Marti Y.	0.5	0.75	0.5	0.5	0.25	0.5
638	Bogomolov A.	0.9807692307692307	0.6666666666666666	0.9090909090909091	0.019230769230769232	0.3333333333333333	0.09090909090909091
639	Fitz S.	0.5	0.5	0.5	0.5	0.5	0.5
640	Ogorodov O.	0.8	0.6666666666666666	0.5	0.2	0.3333333333333333	0.5
641	Elseneer G.	0.75	0.75	0.9090909090909091	0.25	0.25	0.09090909090909091
642	Varlet J.	0.5	0.6666666666666666	0.5	0.5	0.3333333333333333	0.5
643	Serra F.	0.98	0.975609756097561	0.9	0.02	0.024390243902439025	0.1
644	Voltchkov V.	0.9655172413793104	0.6666666666666666	0.8	0.034482758620689655	0.3333333333333333	0.2
645	Blake J.	0.9960159362549801	0.9714285714285714	0.9655172413793104	0.00398406374501992	0.02857142857142857	0.034482758620689655
646	Delbonis F.	0.9473684210526315	0.9830508474576272	0.5	0.05263157894736842	0.01694915254237288	0.5
647	Si Y.M.	0.5	0.5	0.5	0.5	0.5	0.5
648	Guccione A.	0.5	0.5	0.6666666666666666	0.5	0.5	0.3333333333333333
649	Burgsmuller L.	0.975609756097561	0.9375	0.9	0.024390243902439025	0.0625	0.1
650	Chaki R.	0.5	0.5	0.5	0.5	0.5	0.5
651	Beck K.	0.9714285714285714	0.75	0.9285714285714286	0.02857142857142857	0.25	0.07142857142857142
652	Trungelliti M.	0.6666666666666666	0.8	0.5	0.3333333333333333	0.2	0.5
653	Devilder N.	0.8333333333333334	0.9375	0.6666666666666666	0.16666666666666666	0.0625	0.3333333333333333
654	Schukin Y.	0.5	0.9285714285714286	0.5	0.5	0.07142857142857142	0.5
655	Garin C.	0.5	0.6666666666666666	0.5	0.5	0.3333333333333333	0.5
656	Miedler L.	0.5	0.5	0.5	0.5	0.5	0.5
657	Greul S.	0.9333333333333333	0.9285714285714286	0.75	0.06666666666666667	0.07142857142857142	0.25
658	Schwartzman D.	0.9333333333333333	0.95	0.5	0.06666666666666667	0.05	0.5
659	Stanoytchev O.	0.5	0.5	0.5	0.5	0.5	0.5
660	Ungur A.	0.5	0.875	0.5	0.5	0.125	0.5
661	Voinea A.	0.9473684210526315	0.9411764705882353	0.8333333333333334	0.05263157894736842	0.058823529411764705	0.16666666666666666
662	Melzer J.	0.9931506849315068	0.990909090909091	0.9722222222222222	0.00684931506849315	0.00909090909090909	0.027777777777777776
663	Iwami T.	0.6666666666666666	0.5	0.5	0.3333333333333333	0.5	0.5
664	Rachidi Y.	0.5	0.5	0.5	0.5	0.5	0.5
665	Patience O.	0.8333333333333334	0.9523809523809523	0.8	0.16666666666666666	0.047619047619047616	0.2
666	Viloca J.A.	0.6666666666666666	0.8	0.5	0.3333333333333333	0.2	0.5
667	Hilton M.	0.5	0.5	0.6666666666666666	0.5	0.5	0.3333333333333333
668	Carreno Busta P.	0.9523809523809523	0.9375	0.5	0.047619047619047616	0.0625	0.5
669	Bhambri Y.	0.8333333333333334	0.5	0.5	0.16666666666666666	0.5	0.5
670	Kohlschreiber P.	0.9937106918238994	0.9915254237288136	0.9795918367346939	0.006289308176100629	0.00847457627118644	0.02040816326530612
671	van Scheppingen D.	0.8888888888888888	0.8571428571428571	0.8	0.1111111111111111	0.14285714285714285	0.2
672	Shane R.	0.5	0.5	0.5	0.5	0.5	0.5
673	Setkic A.	0.5	0.5	0.5	0.5	0.5	0.5
674	De Voest R.	0.8571428571428571	0.5	0.6666666666666666	0.14285714285714285	0.5	0.3333333333333333
675	Nunez E.	0.5	0.5	0.5	0.5	0.5	0.5
676	Koubek S.	0.9850746268656716	0.9782608695652174	0.875	0.014925373134328358	0.021739130434782608	0.125
677	Carraz G.	0.9583333333333334	0.6666666666666666	0.875	0.041666666666666664	0.3333333333333333	0.125
678	Logtens P.	0.5	0.5	0.5	0.5	0.5	0.5
679	Pasha N.	0.5	0.5	0.5	0.5	0.5	0.5
680	Kim A.	0.8888888888888888	0.5	0.6666666666666666	0.1111111111111111	0.5	0.3333333333333333
681	Acasuso J.	0.972972972972973	0.991869918699187	0.5	0.02702702702702703	0.008130081300813009	0.5
682	Childs L.	0.5	0.5	0.6666666666666666	0.5	0.5	0.3333333333333333
683	Marterer M.	0.5	0.5	0.5	0.5	0.5	0.5
684	Bubka S.	0.8333333333333334	0.5	0.6666666666666666	0.16666666666666666	0.5	0.3333333333333333
685	Santopadre V.	0.5	0.6666666666666666	0.5	0.5	0.3333333333333333	0.5
686	Sugita Y.	0.875	0.6666666666666666	0.8333333333333334	0.125	0.3333333333333333	0.16666666666666666
687	Ramanathan R.	0.8	0.5	0.5	0.2	0.5	0.5
688	Kern R.	0.5	0.5	0.5	0.5	0.5	0.5
689	Menendez-Maceiras A.	0.5	0.6666666666666666	0.5	0.5	0.3333333333333333	0.5
690	Blanco G.	0.75	0.9782608695652174	0.5	0.25	0.021739130434782608	0.5
691	Bjorkman J.	0.9880952380952381	0.9230769230769231	0.9777777777777777	0.011904761904761904	0.07692307692307693	0.022222222222222223
692	Gallardo M.	0.5	0.5	0.5	0.5	0.5	0.5
693	Stakhovsky S.	0.9855072463768116	0.96	0.9545454545454546	0.014492753623188406	0.04	0.045454545454545456
694	Mathieu P.	0.5	0.5	0.5	0.5	0.5	0.5
695	Dutra Da Silva R.	0.6666666666666666	0.5	0.5	0.3333333333333333	0.5	0.5
696	Zhu B.Q.	0.6666666666666666	0.5	0.5	0.3333333333333333	0.5	0.5
697	Balleret B.	0.6666666666666666	0.75	0.5	0.3333333333333333	0.25	0.5
698	Delfino M.	0.5	0.5	0.5	0.5	0.5	0.5
699	Garcia M.	0.5	0.5	0.5	0.5	0.5	0.5
700	Mantilla F.	0.96875	0.9873417721518988	0.75	0.03125	0.012658227848101266	0.25
701	Qureshi A.	0.5	0.5	0.8333333333333334	0.5	0.5	0.16666666666666666
702	Mecir M.	0.6666666666666666	0.5	0.5	0.3333333333333333	0.5	0.5
703	Warburg S.	0.8571428571428571	0.5	0.5	0.14285714285714285	0.5	0.5
704	Rochus C.	0.9655172413793104	0.9811320754716981	0.75	0.034482758620689655	0.018867924528301886	0.25
705	Tiafoe F.	0.75	0.5	0.5	0.25	0.5	0.5
706	Cervantes I.	0.8333333333333334	0.9285714285714286	0.6666666666666666	0.16666666666666666	0.07142857142857142	0.3333333333333333
707	Clavet F.	0.9655172413793104	0.9090909090909091	0.5	0.034482758620689655	0.09090909090909091	0.5
708	Morrison J.	0.9629629629629629	0.6666666666666666	0.875	0.037037037037037035	0.3333333333333333	0.125
709	Hamou M.	0.5	0.5	0.5	0.5	0.5	0.5
710	Kamke T.	0.972972972972973	0.9444444444444444	0.9090909090909091	0.02702702702702703	0.05555555555555555	0.09090909090909091
711	Tarango J.	0.6666666666666666	0.5	0.5	0.3333333333333333	0.5	0.5
712	Sa A.	0.9375	0.8888888888888888	0.9	0.0625	0.1111111111111111	0.1
713	Zampieri C.	0.5	0.6666666666666666	0.5	0.5	0.3333333333333333	0.5
714	Hanley P.	0.5	0.5	0.5	0.5	0.5	0.5
715	Escude N.	0.9818181818181818	0.8888888888888888	0.9230769230769231	0.01818181818181818	0.1111111111111111	0.07692307692307693
716	Zemlja G.	0.9411764705882353	0.8888888888888888	0.875	0.058823529411764705	0.1111111111111111	0.125
717	Vicente M.	0.5	0.5	0.5	0.5	0.5	0.5
718	Junqueira D.	0.6666666666666666	0.875	0.5	0.3333333333333333	0.125	0.5
719	Dutra Silva R.	0.75	0.8571428571428571	0.5	0.25	0.14285714285714285	0.5
720	Dolgopolov A.	0.5	0.5	0.5	0.5	0.5	0.5
721	Scholtz N.	0.5	0.5	0.5	0.5	0.5	0.5
722	Srichaphan N.	0.5	0.6666666666666666	0.5	0.5	0.3333333333333333	0.5
723	Al Mutawa J.	0.5	0.5	0.5	0.5	0.5	0.5
724	Rubin N.	0.75	0.5	0.5	0.25	0.5	0.5
725	Vemic D.	0.6666666666666666	0.8571428571428571	0.8	0.3333333333333333	0.14285714285714285	0.2
726	Pospisil J.	0.6666666666666666	0.5	0.5	0.3333333333333333	0.5	0.5
727	Erlich J.	0.75	0.5	0.6666666666666666	0.25	0.5	0.3333333333333333
728	King D.	0.5	0.5	0.5	0.5	0.5	0.5
729	Wachiramanowong K.	0.5	0.5	0.5	0.5	0.5	0.5
730	Hartfield D.	0.6666666666666666	0.9375	0.5	0.3333333333333333	0.0625	0.5
731	Lapentti G.	0.875	0.5	0.6666666666666666	0.125	0.5	0.3333333333333333
732	de Voest R.	0.9090909090909091	0.5	0.75	0.09090909090909091	0.5	0.25
733	De Paula F.	0.5	0.5	0.5	0.5	0.5	0.5
734	Saavedra Corvalan C.	0.5	0.5	0.5	0.5	0.5	0.5
735	Sirianni J.	0.875	0.5	0.6666666666666666	0.125	0.5	0.3333333333333333
736	Mazarakis V.	0.5	0.5	0.5	0.5	0.5	0.5
737	Petrovic D.	0.5	0.5	0.5	0.5	0.5	0.5
738	Gutierrez-Ferrol S.	0.5	0.75	0.5	0.5	0.25	0.5
739	Widom T.	0.75	0.5	0.5	0.25	0.5	0.5
740	Davletshin V.	0.5	0.5	0.5	0.5	0.5	0.5
741	Tecau H.	0.5	0.5	0.5	0.5	0.5	0.5
742	Ramirez-Hidalgo R.	0.8888888888888888	0.9811320754716981	0.5	0.1111111111111111	0.018867924528301886	0.5
743	Dancevic F.	0.9642857142857143	0.5	0.9444444444444444	0.03571428571428571	0.5	0.05555555555555555
744	Weinzierl J.	0.5	0.5	0.5	0.5	0.5	0.5
745	Bloomfield R.	0.5	0.5	0.8333333333333334	0.5	0.5	0.16666666666666666
746	Robert S.	0.9545454545454546	0.9333333333333333	0.8	0.045454545454545456	0.06666666666666667	0.2
747	Lorenzi P.	0.9615384615384616	0.9761904761904762	0.8	0.038461538461538464	0.023809523809523808	0.2
748	Azzaro L.	0.5	0.5	0.5	0.5	0.5	0.5
749	Dlouhy L.	0.75	0.9230769230769231	0.75	0.25	0.07692307692307693	0.25
750	Estrella V.	0.5	0.5	0.5	0.5	0.5	0.5
751	Gicquel M.	0.96875	0.9545454545454546	0.9090909090909091	0.03125	0.045454545454545456	0.09090909090909091
752	Andersson H.	0.5	0.5	0.5	0.5	0.5	0.5
753	Kicker N.	0.5	0.6666666666666666	0.5	0.5	0.3333333333333333	0.5
754	Bhupathi M.	0.5	0.5	0.5	0.5	0.5	0.5
755	Settergren J.	0.5	0.75	0.5	0.5	0.25	0.5
756	Hipfl M.	0.8	0.9615384615384616	0.6666666666666666	0.2	0.038461538461538464	0.3333333333333333
757	Ferrer D.	0.9966329966329966	0.9964539007092199	0.972972972972973	0.003367003367003367	0.0035460992907801418	0.02702702702702703
758	Kuerten G.	0.984375	0.9875	0.6666666666666666	0.015625	0.0125	0.3333333333333333
759	Ivanov-Smolensky K.	0.5	0.5	0.5	0.5	0.5	0.5
760	Wang Y.T.	0.9090909090909091	0.5	0.8571428571428571	0.09090909090909091	0.5	0.14285714285714285
761	Sorensen L.	0.6666666666666666	0.6666666666666666	0.5	0.3333333333333333	0.3333333333333333	0.5
762	Mergea F.	0.5	0.6666666666666666	0.6666666666666666	0.5	0.3333333333333333	0.3333333333333333
763	Medvedev A.	0.8571428571428571	0.8	0.5	0.14285714285714285	0.2	0.5
764	Gulbis E.	0.9908256880733946	0.9836065573770492	0.9090909090909091	0.009174311926605505	0.01639344262295082	0.09090909090909091
765	Cervenak P.	0.5	0.8571428571428571	0.5	0.5	0.14285714285714285	0.5
766	Costa F.	0.5	0.5	0.5	0.5	0.5	0.5
767	Nielsen F.	0.5	0.5	0.5	0.5	0.5	0.5
768	Suzuki T.	0.9444444444444444	0.5	0.6666666666666666	0.05555555555555555	0.5	0.3333333333333333
769	Savolt A.	0.875	0.9523809523809523	0.5	0.125	0.047619047619047616	0.5
770	Ouahabi T.	0.5	0.5	0.5	0.5	0.5	0.5
771	Wolmarans F.	0.6666666666666666	0.5	0.5	0.3333333333333333	0.5	0.5
772	Mota B.	0.5	0.6666666666666666	0.5	0.5	0.3333333333333333	0.5
773	Haase R.	0.9836065573770492	0.9852941176470589	0.9333333333333333	0.01639344262295082	0.014705882352941176	0.06666666666666667
774	Inglot D.	0.5	0.5	0.5	0.5	0.5	0.5
775	Kovalik J.	0.75	0.6666666666666666	0.5	0.25	0.3333333333333333	0.5
776	Shapovalov D.	0.6666666666666666	0.5	0.5	0.3333333333333333	0.5	0.5
777	Kroslak J.	0.6666666666666666	0.5	0.5	0.3333333333333333	0.5	0.5
778	Laaksonen H.	0.6666666666666666	0.8333333333333334	0.5	0.3333333333333333	0.16666666666666666	0.5
779	Gomez E.	0.5	0.6666666666666666	0.5	0.5	0.3333333333333333	0.5
780	Stoliarov A.	0.9333333333333333	0.8888888888888888	0.875	0.06666666666666667	0.1111111111111111	0.125
781	Przysiezny M.	0.9230769230769231	0.8333333333333334	0.8333333333333334	0.07692307692307693	0.16666666666666666	0.16666666666666666
782	Polansky P.	0.8333333333333334	0.6666666666666666	0.5	0.16666666666666666	0.3333333333333333	0.5
783	Riba-Madrid P.	0.5	0.5	0.5	0.5	0.5	0.5
784	Statham R.	0.5	0.5	0.5	0.5	0.5	0.5
785	Sitak A.	0.5	0.5	0.5	0.5	0.5	0.5
786	Sluiter R.	0.9666666666666667	0.9583333333333334	0.9523809523809523	0.03333333333333333	0.041666666666666664	0.047619047619047616
787	Tenconi T.	0.5	0.6666666666666666	0.5	0.5	0.3333333333333333	0.5
788	Dreekmann H.	0.5	0.5	0.5	0.5	0.5	0.5
789	Bublik A.	0.75	0.5	0.5	0.25	0.5	0.5
790	Sock J.	0.9873417721518988	0.9615384615384616	0.9230769230769231	0.012658227848101266	0.038461538461538464	0.07692307692307693
791	Tkalec M.	0.5	0.5	0.5	0.5	0.5	0.5
792	Bozoljac I.	0.6666666666666666	0.75	0.8	0.3333333333333333	0.25	0.2
793	Alcaide G.	0.5	0.5	0.5	0.5	0.5	0.5
794	Galan D.E.	0.5	0.6666666666666666	0.5	0.5	0.3333333333333333	0.5
795	Philippoussis M.	0.9814814814814815	0.875	0.9655172413793104	0.018518518518518517	0.125	0.034482758620689655
796	Fleishman Z.	0.875	0.5	0.6666666666666666	0.125	0.5	0.3333333333333333
797	Brown D.	0.95	0.95	0.9375	0.05	0.05	0.0625
798	Kralert P.	0.5	0.5	0.5	0.5	0.5	0.5
799	Lokoli L.	0.5	0.5	0.5	0.5	0.5	0.5
800	Authom M.	0.5	0.5	0.5	0.5	0.5	0.5
801	Thompson J.	0.75	0.6666666666666666	0.5	0.25	0.3333333333333333	0.5
802	Kokkinakis T.	0.9166666666666666	0.75	0.6666666666666666	0.08333333333333333	0.25	0.3333333333333333
803	Whitehouse W.	0.8	0.5	0.6666666666666666	0.2	0.5	0.3333333333333333
804	Hernandez A.	0.5	0.5	0.5	0.5	0.5	0.5
805	Gruber K.	0.5	0.5	0.5	0.5	0.5	0.5
806	Hellstrom M.	0.5	0.5	0.5	0.5	0.5	0.5
807	Saretta F.	0.9473684210526315	0.9782608695652174	0.875	0.05263157894736842	0.021739130434782608	0.125
808	Malcor O.	0.5	0.5	0.5	0.5	0.5	0.5
809	Schiessling T.	0.5	0.6666666666666666	0.5	0.5	0.3333333333333333	0.5
810	Naso G.	0.5	0.8	0.5	0.5	0.2	0.5
811	Monteiro T.	0.5	0.875	0.5	0.5	0.125	0.5
812	Golmard J.	0.9655172413793104	0.9473684210526315	0.6666666666666666	0.034482758620689655	0.05263157894736842	0.3333333333333333
813	Kiefer N.	0.9910714285714286	0.9655172413793104	0.9655172413793104	0.008928571428571428	0.034482758620689655	0.034482758620689655
814	Wessels L.	0.5	0.6666666666666666	0.5	0.5	0.3333333333333333	0.5
815	Raja P.	0.5	0.5	0.5	0.5	0.5	0.5
816	Mirnegg M.	0.5	0.5	0.5	0.5	0.5	0.5
817	Rios M.	0.9821428571428571	0.95	0.5	0.017857142857142856	0.05	0.5
818	Perry T.	0.5	0.5	0.5	0.5	0.5	0.5
819	Jenkins S.	0.75	0.6666666666666666	0.6666666666666666	0.25	0.3333333333333333	0.3333333333333333
820	Lu Y.	0.5	0.5	0.5	0.5	0.5	0.5
821	Cruciat A.	0.5	0.6666666666666666	0.5	0.5	0.3333333333333333	0.5
822	Martin F.	0.5	0.5	0.5	0.5	0.5	0.5
823	Gil F.	0.9	0.9629629629629629	0.5	0.1	0.037037037037037035	0.5
824	Waske A.	0.9	0.9375	0.8333333333333334	0.1	0.0625	0.16666666666666666
825	Karanusic R.	0.8	0.75	0.8333333333333334	0.2	0.25	0.16666666666666666
826	Rodriguez M.	0.5	0.5	0.5	0.5	0.5	0.5
827	Flanagan I.	0.5	0.5	0.75	0.5	0.5	0.25
828	Stebe C-M.	0.6666666666666666	0.5	0.5	0.3333333333333333	0.5	0.5
829	Wawrinka S.	0.9954128440366973	0.9930555555555556	0.96	0.0045871559633027525	0.006944444444444444	0.04
830	Janowicz J.	0.9803921568627451	0.9333333333333333	0.9285714285714286	0.0196078431372549	0.06666666666666667	0.07142857142857142
831	Kunitcin I.	0.5	0.5	0.5	0.5	0.5	0.5
832	Ryderstedt M.	0.8571428571428571	0.8	0.5	0.14285714285714285	0.2	0.5
833	Dodig I.	0.9863013698630136	0.9583333333333334	0.9473684210526315	0.0136986301369863	0.041666666666666664	0.05263157894736842
834	Ouyang B.	0.5	0.5	0.5	0.5	0.5	0.5
835	Rea S.	0.5	0.5	0.5	0.5	0.5	0.5
836	Cox D.	0.5	0.5	0.5	0.5	0.5	0.5
837	Costa A.	0.972972972972973	0.9875	0.5	0.02702702702702703	0.0125	0.5
838	Ymer M.	0.6666666666666666	0.5	0.5	0.3333333333333333	0.5	0.5
839	Mamiit C.	0.9523809523809523	0.75	0.8	0.047619047619047616	0.25	0.2
840	Jun W.	0.5	0.5	0.5	0.5	0.5	0.5
841	Gimeno D.	0.5	0.5	0.5	0.5	0.5	0.5
842	Cabal J.S.	0.5	0.5	0.5	0.5	0.5	0.5
843	Furlan R.	0.75	0.6666666666666666	0.5	0.25	0.3333333333333333	0.5
844	Reix C.	0.6666666666666666	0.5	0.5	0.3333333333333333	0.5	0.5
845	Basilashvili N.	0.8333333333333334	0.8333333333333334	0.75	0.16666666666666666	0.16666666666666666	0.25
846	Lapentti N.	0.9777777777777777	0.9873417721518988	0.875	0.022222222222222223	0.012658227848101266	0.125
847	Dupre T.	0.5	0.5	0.5	0.5	0.5	0.5
848	King-Turner D.	0.5	0.5	0.5	0.5	0.5	0.5
849	Ager J.	0.5	0.5	0.5	0.5	0.5	0.5
850	Carlson A.	0.5	0.5	0.5	0.5	0.5	0.5
851	Beck A.	0.8333333333333334	0.875	0.8571428571428571	0.16666666666666666	0.125	0.14285714285714285
852	Verdasco F.	0.9939759036144579	0.9945054945054945	0.9761904761904762	0.006024096385542169	0.005494505494505495	0.023809523809523808
853	Peliwo F.	0.6666666666666666	0.6666666666666666	0.5	0.3333333333333333	0.3333333333333333	0.5
854	Sampras P.	0.9787234042553191	0.8571428571428571	0.9	0.02127659574468085	0.14285714285714285	0.1
855	Kutsenko V.	0.75	0.6666666666666666	0.5	0.25	0.3333333333333333	0.5
856	Prinosil D.	0.8571428571428571	0.5	0.8333333333333334	0.14285714285714285	0.5	0.16666666666666666
857	Pioline C.	0.9285714285714286	0.9230769230769231	0.8333333333333334	0.07142857142857142	0.07692307692307693	0.16666666666666666
858	Linzer M.	0.5	0.5	0.5	0.5	0.5	0.5
859	Coutelot N.	0.5	0.9285714285714286	0.5	0.5	0.07142857142857142	0.5
860	Stepanek M.	0.5	0.6666666666666666	0.5	0.5	0.3333333333333333	0.5
861	Renavand N.	0.6666666666666666	0.5	0.5	0.3333333333333333	0.5	0.5
862	Sandbichler A.	0.5	0.5	0.5	0.5	0.5	0.5
863	Kratochvil M.	0.9705882352941176	0.9473684210526315	0.9230769230769231	0.029411764705882353	0.05263157894736842	0.07692307692307693
864	Kindlmann D.	0.5	0.6666666666666666	0.5	0.5	0.3333333333333333	0.5
865	Cachin P.	0.5	0.5	0.5	0.5	0.5	0.5
866	Bower J.	0.5	0.5	0.5	0.5	0.5	0.5
867	Melo D.	0.5	0.6666666666666666	0.5	0.5	0.3333333333333333	0.5
868	Chekov P.	0.5	0.5	0.5	0.5	0.5	0.5
869	Agassi A.	0.9945054945054945	0.9736842105263158	0.9375	0.005494505494505495	0.02631578947368421	0.0625
870	Awadhy O.	0.5	0.5	0.5	0.5	0.5	0.5
871	Salamanca C.	0.5	0.5	0.5	0.5	0.5	0.5
872	Lojda D.	0.5	0.5	0.5	0.5	0.5	0.5
873	Barrientos N.	0.5	0.5	0.5	0.5	0.5	0.5
874	Charpentier M.	0.5	0.5	0.5	0.5	0.5	0.5
875	Del Potro J.M.	0.9947089947089947	0.9787234042553191	0.9666666666666667	0.005291005291005291	0.02127659574468085	0.03333333333333333
876	Medvedev D.	0.8	0.6666666666666666	0.6666666666666666	0.2	0.3333333333333333	0.3333333333333333
877	Lu Y.H.	0.9894736842105263	0.8571428571428571	0.9642857142857143	0.010526315789473684	0.14285714285714285	0.03571428571428571
878	Vassallo-Arguello M.	0.6666666666666666	0.96875	0.6666666666666666	0.3333333333333333	0.03125	0.3333333333333333
879	Corrie E.	0.5	0.5	0.5	0.5	0.5	0.5
880	Grigelis L.	0.5	0.5	0.5	0.5	0.5	0.5
881	Syed F.	0.5	0.5	0.5	0.5	0.5	0.5
882	Muller G.	0.9907407407407407	0.9473684210526315	0.967741935483871	0.009259259259259259	0.05263157894736842	0.03225806451612903
883	Lisnard J.	0.75	0.875	0.5	0.25	0.125	0.5
884	Yim R.	0.5	0.5	0.5	0.5	0.5	0.5
885	Draper S.	0.9375	0.5	0.8	0.0625	0.5	0.2
886	Gigounon G.	0.5	0.5	0.5	0.5	0.5	0.5
887	Hajek J.	0.8888888888888888	0.95	0.5	0.1111111111111111	0.05	0.5
888	Gonzalez F.	0.9921875	0.9918032786885246	0.9545454545454546	0.0078125	0.00819672131147541	0.045454545454545456
889	Huet S.	0.5	0.5	0.6666666666666666	0.5	0.5	0.3333333333333333
890	Gombos N.	0.5	0.5	0.5	0.5	0.5	0.5
891	Xu J.C.	0.5	0.5	0.5	0.5	0.5	0.5
892	Saoudi S.	0.5	0.75	0.5	0.5	0.25	0.5
893	Gambill J. M.	0.75	0.5	0.5	0.25	0.5	0.5
894	Bogdanovic A.	0.6666666666666666	0.5	0.9	0.3333333333333333	0.5	0.1
895	Gonzalez S.	0.5	0.6666666666666666	0.5	0.5	0.3333333333333333	0.5
896	Dent T.	0.9896907216494846	0.8	0.9666666666666667	0.010309278350515464	0.2	0.03333333333333333
897	Cook L.	0.5	0.5	0.5	0.5	0.5	0.5
898	Trusendi W.	0.5	0.5	0.5	0.5	0.5	0.5
899	Moodie W.	0.9722222222222222	0.6666666666666666	0.9090909090909091	0.027777777777777776	0.3333333333333333	0.09090909090909091
900	Rios F.	0.5	0.5	0.5	0.5	0.5	0.5
901	Ito T.	0.9444444444444444	0.8	0.9	0.05555555555555555	0.2	0.1
902	Garcia A.	0.75	0.8571428571428571	0.5	0.25	0.14285714285714285	0.5
903	Strode B.	0.5	0.5	0.5	0.5	0.5	0.5
904	Chvojka E.	0.5	0.5	0.5	0.5	0.5	0.5
905	Zeng S.X.	0.5	0.5	0.5	0.5	0.5	0.5
906	Mmoh M.	0.5	0.5	0.5	0.5	0.5	0.5
907	Stoppini A.	0.8	0.5	0.5	0.2	0.5	0.5
908	Van der Dium A.	0.5	0.5	0.5	0.5	0.5	0.5
909	Ledovskikh M.	0.75	0.5	0.6666666666666666	0.25	0.5	0.3333333333333333
910	Deen Heshaam A.	0.5	0.5	0.5	0.5	0.5	0.5
911	Nader M.	0.5	0.5	0.5	0.5	0.5	0.5
912	Wu D.	0.75	0.5	0.5	0.25	0.5	0.5
913	Gambill J.M.	0.989247311827957	0.8333333333333334	0.9166666666666666	0.010752688172043012	0.16666666666666666	0.08333333333333333
914	Lopez M.	0.6666666666666666	0.9523809523809523	0.6666666666666666	0.3333333333333333	0.047619047619047616	0.3333333333333333
915	Harboe P.	0.5	0.5	0.5	0.5	0.5	0.5
916	Tipsarevic J.	0.9922480620155039	0.975609756097561	0.96875	0.007751937984496124	0.024390243902439025	0.03125
917	Henry R.	0.5	0.5	0.5	0.5	0.5	0.5
918	Kim K	0.5	0.5	0.5	0.5	0.5	0.5
919	Nedunchezhiyan J.	0.5	0.5	0.5	0.5	0.5	0.5
920	Fornell M.	0.5	0.5	0.5	0.5	0.5	0.5
921	Calleri A.	0.9830508474576272	0.9914529914529915	0.8333333333333334	0.01694915254237288	0.008547008547008548	0.16666666666666666
922	Tomashevich D.	0.5	0.5	0.5	0.5	0.5	0.5
923	Balazs A.	0.5	0.8333333333333334	0.5	0.5	0.16666666666666666	0.5
924	De Schepper K.	0.9	0.8571428571428571	0.9090909090909091	0.1	0.14285714285714285	0.09090909090909091
925	Puetz T.	0.5	0.5	0.6666666666666666	0.5	0.5	0.3333333333333333
926	Jarry N.	0.5	0.6666666666666666	0.5	0.5	0.3333333333333333	0.5
927	Patino L.	0.5	0.5	0.5	0.5	0.5	0.5
928	Fritz T.	0.9333333333333333	0.6666666666666666	0.75	0.06666666666666667	0.3333333333333333	0.25
929	Zhang Ze	0.6666666666666666	0.5	0.5	0.3333333333333333	0.5	0.5
930	Burniol G.	0.5	0.5	0.5	0.5	0.5	0.5
931	Fish M.	0.995049504950495	0.9545454545454546	0.9761904761904762	0.0049504950495049506	0.045454545454545456	0.023809523809523808
932	Quintero M.	0.5	0.5	0.5	0.5	0.5	0.5
933	Bohane A.	0.5	0.5	0.5	0.5	0.5	0.5
934	Kunitsyn I.	0.972972972972973	0.8888888888888888	0.9166666666666666	0.02702702702702703	0.1111111111111111	0.08333333333333333
935	Lopes H.	0.5	0.5	0.5	0.5	0.5	0.5
936	Lacko L.	0.9795918367346939	0.75	0.9230769230769231	0.02040816326530612	0.25	0.07692307692307693
937	Ginepri R.	0.9921875	0.9411764705882353	0.9583333333333334	0.0078125	0.058823529411764705	0.041666666666666664
938	Nijaki R.	0.5	0.5	0.5	0.5	0.5	0.5
939	Guzman J.	0.5	0.5	0.5	0.5	0.5	0.5
940	Hossam K.	0.5	0.5	0.5	0.5	0.5	0.5
941	Marach O.	0.8	0.9285714285714286	0.5	0.2	0.07142857142857142	0.5
942	Ghedin R.	0.5	0.5	0.5	0.5	0.5	0.5
943	Myneni S.	0.5	0.5	0.5	0.5	0.5	0.5
944	Giraldo S.	0.9818181818181818	0.9861111111111112	0.9333333333333333	0.01818181818181818	0.013888888888888888	0.06666666666666667
945	Stoltenberg J.	0.875	0.5	0.6666666666666666	0.125	0.5	0.3333333333333333
946	Ellwood B.	0.5	0.5	0.5	0.5	0.5	0.5
947	Veic A.	0.8	0.8571428571428571	0.5	0.2	0.14285714285714285	0.5
948	Benneteau A.	0.5	0.5	0.5	0.5	0.5	0.5
949	O'Brien A.	0.5	0.5	0.5	0.5	0.5	0.5
950	Iwabuchi S.	0.8	0.5	0.5	0.2	0.5	0.5
951	Andujar P.	0.967741935483871	0.9885057471264368	0.75	0.03225806451612903	0.011494252873563218	0.25
952	Reid M.	0.5	0.5	0.5	0.5	0.5	0.5
953	Nieminen J.	0.9953488372093023	0.99	0.9615384615384616	0.004651162790697674	0.01	0.038461538461538464
954	Schwank E.	0.8888888888888888	0.9642857142857143	0.6666666666666666	0.1111111111111111	0.03571428571428571	0.3333333333333333
955	Gaudenzi A.	0.8571428571428571	0.9615384615384616	0.5	0.14285714285714285	0.038461538461538464	0.5
956	Kohlmann M.	0.8	0.875	0.8	0.2	0.125	0.2
957	Sanchez M.	0.5	0.5	0.5	0.5	0.5	0.5
958	Wassen R.	0.6666666666666666	0.6666666666666666	0.5	0.3333333333333333	0.3333333333333333	0.5
959	Nadal R.	0.9969230769230769	0.9969788519637462	0.9833333333333333	0.003076923076923077	0.0030211480362537764	0.016666666666666666
960	Lukaev R.	0.5	0.5	0.5	0.5	0.5	0.5
961	Al-Ghareeb M.	0.5	0.5	0.5	0.5	0.5	0.5
962	Coric B.	0.967741935483871	0.9545454545454546	0.75	0.03225806451612903	0.045454545454545456	0.25
963	Alvarez E.	0.5	0.6666666666666666	0.5	0.5	0.3333333333333333	0.5
964	Ali Mutawa J.M.	0.5	0.5	0.5	0.5	0.5	0.5
965	Molteni A.	0.5	0.5	0.5	0.5	0.5	0.5
966	Summerer T.	0.5	0.6666666666666666	0.5	0.5	0.3333333333333333	0.5
967	Dosedel S.	0.6666666666666666	0.8	0.6666666666666666	0.3333333333333333	0.2	0.3333333333333333
968	Jones G.	0.6666666666666666	0.5	0.5	0.3333333333333333	0.5	0.5
969	Pretzsch A.	0.8333333333333334	0.5	0.5	0.16666666666666666	0.5	0.5
970	Andersen J.F.	0.5	0.75	0.5	0.5	0.25	0.5
971	Larkham T.	0.6666666666666666	0.5	0.5	0.3333333333333333	0.5	0.5
972	Kubot L.	0.9696969696969697	0.967741935483871	0.9333333333333333	0.030303030303030304	0.03225806451612903	0.06666666666666667
973	Hirigoyen I.	0.5	0.6666666666666666	0.5	0.5	0.3333333333333333	0.5
974	Lopez-Jaen M.A.	0.5	0.6666666666666666	0.5	0.5	0.3333333333333333	0.5
975	Krstin P.	0.5	0.5	0.5	0.5	0.5	0.5
976	Wang Y.Jr.	0.5	0.5	0.5	0.5	0.5	0.5
977	Martin D.	0.5	0.5	0.5	0.5	0.5	0.5
978	Uchiyama Y.	0.5	0.5	0.5	0.5	0.5	0.5
979	Capdeville P.	0.95	0.8888888888888888	0.75	0.05	0.1111111111111111	0.25
980	Cacic N.	0.5	0.6666666666666666	0.5	0.5	0.3333333333333333	0.5
981	Berdych T.	0.9968944099378882	0.991304347826087	0.9824561403508771	0.003105590062111801	0.008695652173913044	0.017543859649122806
982	Dimitrov G.	0.9921259842519685	0.9795918367346939	0.9655172413793104	0.007874015748031496	0.02040816326530612	0.034482758620689655
983	Sousa P.	0.5	0.5	0.5	0.5	0.5	0.5
984	Cilic M.	0.9949238578680203	0.9866666666666667	0.9782608695652174	0.005076142131979695	0.013333333333333334	0.021739130434782608
985	Ahouda A.	0.5	0.5	0.5	0.5	0.5	0.5
986	Ramos-Vinolas A.	0.9545454545454546	0.9705882352941176	0.8	0.045454545454545456	0.029411764705882353	0.2
987	Larsson M.	0.9230769230769231	0.8	0.8571428571428571	0.07692307692307693	0.2	0.14285714285714285
988	Baghdatis M.	0.994535519125683	0.96875	0.9787234042553191	0.00546448087431694	0.03125	0.02127659574468085
989	Pless K.	0.9642857142857143	0.9	0.8333333333333334	0.03571428571428571	0.1	0.16666666666666666
990	Whittington A.	0.6666666666666666	0.5	0.5	0.3333333333333333	0.5	0.5
991	Baccanello P.	0.6666666666666666	0.5	0.6666666666666666	0.3333333333333333	0.5	0.3333333333333333
992	Singh N.	0.5	0.5	0.5	0.5	0.5	0.5
993	Llodra M.	0.9895833333333334	0.9545454545454546	0.9743589743589743	0.010416666666666666	0.045454545454545456	0.02564102564102564
994	Rieschick S.	0.6666666666666666	0.5	0.5	0.3333333333333333	0.5	0.5
995	Kohlschreiber P..	0.6666666666666666	0.5	0.5	0.3333333333333333	0.5	0.5
996	Udomchoke D.	0.9285714285714286	0.5	0.8571428571428571	0.07142857142857142	0.5	0.14285714285714285
997	Rosset M.	0.9166666666666666	0.9	0.8333333333333334	0.08333333333333333	0.1	0.16666666666666666
998	Barrere G.	0.5	0.5	0.5	0.5	0.5	0.5
999	Trongcharoenchaikul W.	0.5	0.5	0.5	0.5	0.5	0.5
1000	Youzhny M.	0.9952380952380953	0.991304347826087	0.9824561403508771	0.004761904761904762	0.008695652173913044	0.017543859649122806
1001	Gerasimov E.	0.5	0.5	0.5	0.5	0.5	0.5
1002	Kirillov E.	0.5	0.5	0.5	0.5	0.5	0.5
1003	Djokovic M.	0.5	0.5	0.5	0.5	0.5	0.5
1004	Chung H.	0.9166666666666666	0.8333333333333334	0.6666666666666666	0.08333333333333333	0.16666666666666666	0.3333333333333333
1005	Wessels P.	0.9285714285714286	0.75	0.9090909090909091	0.07142857142857142	0.25	0.09090909090909091
1006	Gamonal H.	0.5	0.75	0.5	0.5	0.25	0.5
1007	Gross O.	0.5	0.8	0.5	0.5	0.2	0.5
1008	Boutter J.	0.9375	0.9655172413793104	0.5	0.0625	0.034482758620689655	0.5
1009	Hantschek M.	0.6666666666666666	0.5	0.5	0.3333333333333333	0.5	0.5
1010	Herbert P-H.	0.5	0.5	0.5	0.5	0.5	0.5
1011	Shyla Y.	0.5	0.5	0.5	0.5	0.5	0.5
1012	Ancic M.	0.989010989010989	0.9705882352941176	0.9743589743589743	0.01098901098901099	0.029411764705882353	0.02564102564102564
1013	Ram A.	0.6666666666666666	0.5	0.5	0.3333333333333333	0.5	0.5
1014	Matsui T.	0.75	0.5	0.5	0.25	0.5	0.5
1015	Olaso G.	0.5	0.75	0.5	0.5	0.25	0.5
1016	Bohaboy D.	0.5	0.5	0.5	0.5	0.5	0.5
1017	Peralta J.	0.5	0.5	0.5	0.5	0.5	0.5
1018	Krajan Z.	0.6666666666666666	0.8888888888888888	0.5	0.3333333333333333	0.1111111111111111	0.5
1019	Granollers M.	0.9861111111111112	0.989010989010989	0.9090909090909091	0.013888888888888888	0.01098901098901099	0.09090909090909091
1020	Ram R.	0.96875	0.8	0.9375	0.03125	0.2	0.0625
1021	Eubanks C.	0.5	0.5	0.5	0.5	0.5	0.5
1022	Ruevski P.	0.5	0.5	0.5	0.5	0.5	0.5
1023	Herm-Zahlava J.	0.5	0.5	0.5	0.5	0.5	0.5
1024	Todero N.	0.5	0.5	0.5	0.5	0.5	0.5
1025	Elsner D.	0.5	0.8333333333333334	0.5	0.5	0.16666666666666666	0.5
1026	Koenig R.	0.5	0.5	0.5	0.5	0.5	0.5
1027	Krajicek A.	0.9230769230769231	0.5	0.6666666666666666	0.07692307692307693	0.5	0.3333333333333333
1028	Decoud S.	0.5	0.75	0.5	0.5	0.25	0.5
1029	Halys Q.	0.75	0.6666666666666666	0.5	0.25	0.3333333333333333	0.5
1030	Vlasov D.	0.5	0.5	0.5	0.5	0.5	0.5
1031	Bai Y.	0.75	0.5	0.5	0.25	0.5	0.5
1032	Phau B.	0.9795918367346939	0.9473684210526315	0.6666666666666666	0.02040816326530612	0.05263157894736842	0.3333333333333333
1033	Moser F.	0.5	0.5	0.5	0.5	0.5	0.5
1034	Zopp J.	0.8571428571428571	0.8571428571428571	0.5	0.14285714285714285	0.14285714285714285	0.5
1035	Murray A.	0.9971910112359551	0.9878048780487805	0.9878048780487805	0.0028089887640449437	0.012195121951219513	0.012195121951219513
1036	Opelka R.	0.8571428571428571	0.5	0.5	0.14285714285714285	0.5	0.5
1037	Puentes G.	0.6666666666666666	0.8	0.6666666666666666	0.3333333333333333	0.2	0.3333333333333333
1038	Berrer M.	0.9827586206896551	0.9444444444444444	0.8888888888888888	0.017241379310344827	0.05555555555555555	0.1111111111111111
1039	Hanescu V.	0.975609756097561	0.9907407407407407	0.9230769230769231	0.024390243902439025	0.009259259259259259	0.07692307692307693
1040	Gimeno-Traver D.	0.9473684210526315	0.9857142857142858	0.6666666666666666	0.05263157894736842	0.014285714285714285	0.3333333333333333
1041	Zayid M. S.	0.5	0.5	0.5	0.5	0.5	0.5
1042	Prpic A.	0.5	0.5	0.5	0.5	0.5	0.5
1043	Vik R.	0.875	0.9	0.6666666666666666	0.125	0.1	0.3333333333333333
1044	Sidorenko A.	0.75	0.5	0.5	0.25	0.5	0.5
1045	Herbert P.H.	0.9	0.5	0.8333333333333334	0.1	0.5	0.16666666666666666
1046	Torebko P.	0.5	0.5	0.5	0.5	0.5	0.5
1047	Mcdonald M.	0.5	0.5	0.5	0.5	0.5	0.5
1048	Goellner M.K.	0.75	0.75	0.5	0.25	0.25	0.5
1049	Brugues-Davi A.	0.6666666666666666	0.5	0.5	0.3333333333333333	0.5	0.5
1050	Lipsky S.	0.5	0.5	0.5	0.5	0.5	0.5
1051	Ayala D.	0.5	0.5	0.5	0.5	0.5	0.5
1052	Sonego L.	0.5	0.5	0.5	0.5	0.5	0.5
1053	Sun P.	0.6666666666666666	0.5	0.5	0.3333333333333333	0.5	0.5
1054	Agenor R.	0.6666666666666666	0.5	0.5	0.3333333333333333	0.5	0.5
1055	Bagnis F.	0.5	0.9230769230769231	0.5	0.5	0.07692307692307693	0.5
1056	Sanguinetti D.	0.9838709677419355	0.9473684210526315	0.9285714285714286	0.016129032258064516	0.05263157894736842	0.07142857142857142
1057	Bedene A.	0.9655172413793104	0.9473684210526315	0.8571428571428571	0.034482758620689655	0.05263157894736842	0.14285714285714285
1058	Harrison C.	0.6666666666666666	0.5	0.5	0.3333333333333333	0.5	0.5
1059	Gomez L.	0.5	0.5	0.5	0.5	0.5	0.5
1060	Witten J.	0.5	0.5	0.5	0.5	0.5	0.5
1061	Chardy J.	0.9886363636363636	0.9846153846153847	0.9411764705882353	0.011363636363636364	0.015384615384615385	0.058823529411764705
1062	Dustov F.	0.5	0.5	0.5	0.5	0.5	0.5
1063	Faurel J.C.	0.75	0.5	0.5	0.25	0.5	0.5
1064	Vacek J.	0.9285714285714286	0.8333333333333334	0.9375	0.07142857142857142	0.16666666666666666	0.0625
1065	Klizan M.	0.9777777777777777	0.9782608695652174	0.8333333333333334	0.022222222222222223	0.021739130434782608	0.16666666666666666
1066	Vesely J.	0.9629629629629629	0.9615384615384616	0.9090909090909091	0.037037037037037035	0.038461538461538464	0.09090909090909091
1067	Santillan A.	0.5	0.5	0.5	0.5	0.5	0.5
1068	Venus M.	0.6666666666666666	0.5	0.5	0.3333333333333333	0.5	0.5
1069	Clezar G.	0.5	0.5	0.5	0.5	0.5	0.5
1070	Carballes Baena R.	0.5	0.9166666666666666	0.5	0.5	0.08333333333333333	0.5
1071	Ilie A.	0.9230769230769231	0.9090909090909091	0.5	0.07692307692307693	0.09090909090909091	0.5
1072	Brizzi A.	0.5	0.5	0.5	0.5	0.5	0.5
1073	Ziadi M.	0.5	0.5	0.5	0.5	0.5	0.5
1074	Chang M.	0.95	0.8571428571428571	0.75	0.05	0.14285714285714285	0.25
1075	Nestor D.	0.8	0.5	0.6666666666666666	0.2	0.5	0.3333333333333333
1076	Marin J.A.	0.5	0.9473684210526315	0.5	0.5	0.05263157894736842	0.5
1077	Zayed M.S.	0.5	0.5	0.5	0.5	0.5	0.5
1078	Dasnieres de Veigy J.	0.5	0.6666666666666666	0.5	0.5	0.3333333333333333	0.5
1079	Arthurs W.	0.9818181818181818	0.9411764705882353	0.9583333333333334	0.01818181818181818	0.058823529411764705	0.041666666666666664
1080	Caratti C.	0.5	0.5	0.6666666666666666	0.5	0.5	0.3333333333333333
1081	Moya C.	0.9927007299270073	0.9946808510638298	0.8333333333333334	0.0072992700729927005	0.005319148936170213	0.16666666666666666
1082	Riba P.	0.8	0.9523809523809523	0.5	0.2	0.047619047619047616	0.5
1083	De Greef A.	0.5	0.6666666666666666	0.5	0.5	0.3333333333333333	0.5
1084	Munoz De La Nava D.	0.5	0.6666666666666666	0.5	0.5	0.3333333333333333	0.5
1085	Levine I.	0.5	0.5	0.5	0.5	0.5	0.5
1086	Marrero D.	0.5	0.8	0.5	0.5	0.2	0.5
1087	Artunedo Martinavarro A.	0.5	0.5	0.5	0.5	0.5	0.5
1088	Sultan-Khalfan A.	0.5	0.5	0.5	0.5	0.5	0.5
1089	Quigley E.	0.5	0.5	0.5	0.5	0.5	0.5
1090	Wilson B.	0.6666666666666666	0.5	0.5	0.3333333333333333	0.5	0.5
1091	Arnaboldi A.	0.5	0.8	0.5	0.5	0.2	0.5
1092	Jonsson F.	0.6666666666666666	0.5	0.5	0.3333333333333333	0.5	0.5
1093	Del Bonis F.	0.5	0.875	0.5	0.5	0.125	0.5
1094	Capalik K.	0.5	0.5	0.75	0.5	0.5	0.25
1095	El Amrani R.	0.5	0.75	0.5	0.5	0.25	0.5
1096	Montcourt M.	0.5	0.8333333333333334	0.5	0.5	0.16666666666666666	0.5
1097	Thiem D.	0.9818181818181818	0.9836065573770492	0.9166666666666666	0.01818181818181818	0.01639344262295082	0.08333333333333333
1098	Kyrgios N.	0.9782608695652174	0.9523809523809523	0.9166666666666666	0.021739130434782608	0.047619047619047616	0.08333333333333333
1099	Coetzee J.	0.5	0.5	0.5	0.5	0.5	0.5
1100	Idmbarek Y.	0.5	0.5	0.5	0.5	0.5	0.5
1101	di Pasquale A.	0.8571428571428571	0.9230769230769231	0.5	0.14285714285714285	0.07692307692307693	0.5
1102	Traykov I.	0.5	0.6666666666666666	0.5	0.5	0.3333333333333333	0.5
1103	Lopez F.	0.995475113122172	0.990909090909091	0.9836065573770492	0.004524886877828055	0.00909090909090909	0.01639344262295082
1104	Smith J.P.	0.6666666666666666	0.5	0.8333333333333334	0.3333333333333333	0.5	0.16666666666666666
1105	Adaktusson J.	0.5	0.5	0.5	0.5	0.5	0.5
1106	Golding O.	0.5	0.5	0.5	0.5	0.5	0.5
1107	Fyrstenberg M.	0.5	0.5	0.5	0.5	0.5	0.5
1108	Groth S.	0.9523809523809523	0.8	0.9230769230769231	0.047619047619047616	0.2	0.07692307692307693
1109	Oswald P.	0.5	0.6666666666666666	0.5	0.5	0.3333333333333333	0.5
1110	Matias N.	0.5	0.5	0.5	0.5	0.5	0.5
1111	Ouahab L.	0.5	0.8333333333333334	0.5	0.5	0.16666666666666666	0.5
1112	Robredo T.	0.9950980392156863	0.9955357142857143	0.9666666666666667	0.004901960784313725	0.004464285714285714	0.03333333333333333
1113	Tearney F.	0.5	0.5	0.5	0.5	0.5	0.5
1114	Yang T.H.	0.5	0.5	0.5	0.5	0.5	0.5
1115	Saulnier C.	0.9782608695652174	0.8333333333333334	0.9166666666666666	0.021739130434782608	0.16666666666666666	0.08333333333333333
1116	Black W.	0.8333333333333334	0.5	0.75	0.16666666666666666	0.5	0.25
1117	Bowles C.	0.5	0.5	0.5	0.5	0.5	0.5
1118	Granollers G.	0.5	0.5	0.5	0.5	0.5	0.5
1119	Tabara M.	0.9473684210526315	0.9285714285714286	0.5	0.05263157894736842	0.07142857142857142	0.5
1120	Pavlasek A.	0.5	0.8	0.5	0.5	0.2	0.5
1121	Granollers-Pujol G.	0.5	0.5	0.5	0.5	0.5	0.5
1122	Al-Alawi S.K.	0.5	0.5	0.5	0.5	0.5	0.5
1123	Machado R.	0.6666666666666666	0.9166666666666666	0.5	0.3333333333333333	0.08333333333333333	0.5
1124	Im K.T.	0.5	0.5	0.5	0.5	0.5	0.5
1125	Bester P.	0.5	0.5	0.5	0.5	0.5	0.5
1126	Kuznetsov An.	0.9666666666666667	0.9565217391304348	0.875	0.03333333333333333	0.043478260869565216	0.125
1127	Westerhof B.	0.5	0.5	0.5	0.5	0.5	0.5
1128	Smyczek T.	0.967741935483871	0.8	0.8	0.03225806451612903	0.2	0.2
1129	Friedl L.	0.5	0.75	0.5	0.5	0.25	0.5
1130	Spadea V.	0.990909090909091	0.9629629629629629	0.9565217391304348	0.00909090909090909	0.037037037037037035	0.043478260869565216
1131	Delic A.	0.9523809523809523	0.6666666666666666	0.75	0.047619047619047616	0.3333333333333333	0.25
1132	Prpic F.	0.75	0.5	0.5	0.25	0.5	0.5
1133	Diez S.	0.6666666666666666	0.5	0.5	0.3333333333333333	0.5	0.5
1134	Sanchez de Luna J.A.	0.5	0.5	0.5	0.5	0.5	0.5
1135	Amritraj P.	0.8571428571428571	0.5	0.8888888888888888	0.14285714285714285	0.5	0.1111111111111111
1136	Millman J.	0.9545454545454546	0.5	0.8571428571428571	0.045454545454545456	0.5	0.14285714285714285
1137	Middelkoop M.	0.5	0.5	0.5	0.5	0.5	0.5
1138	Rascon T.	0.5	0.5	0.5	0.5	0.5	0.5
1139	Romboli F.	0.5	0.5	0.5	0.5	0.5	0.5
1140	Lemke J.	0.5	0.5	0.5	0.5	0.5	0.5
1141	Scherrer J.C.	0.6666666666666666	0.5	0.5	0.3333333333333333	0.5	0.5
1142	Stark J.	0.5	0.5	0.5	0.5	0.5	0.5
1143	Pescosolido S.	0.5	0.5	0.6666666666666666	0.5	0.5	0.3333333333333333
1144	Chela J.	0.5	0.8	0.5	0.5	0.2	0.5
1145	Mayer L.	0.9714285714285714	0.9827586206896551	0.9166666666666666	0.02857142857142857	0.017241379310344827	0.08333333333333333
1146	Baker J.	0.5	0.5	0.8	0.5	0.5	0.2
1147	Knowle J.	0.8	0.75	0.8333333333333334	0.2	0.25	0.16666666666666666
1148	Tavares L.	0.5	0.6666666666666666	0.5	0.5	0.3333333333333333	0.5
1149	Weiner G.	0.9	0.5	0.75	0.1	0.5	0.25
1150	van Lottum J.	0.8571428571428571	0.9	0.8333333333333334	0.14285714285714285	0.1	0.16666666666666666
1151	Jones A.	0.75	0.5	0.5	0.25	0.5	0.5
1152	Smith A.	0.5	0.5	0.5	0.5	0.5	0.5
1153	Van Lottum J.	0.6666666666666666	0.5	0.5	0.3333333333333333	0.5	0.5
1154	Kumantsov A.	0.5	0.5	0.5	0.5	0.5	0.5
1155	Schoorel T.	0.5	0.6666666666666666	0.5	0.5	0.3333333333333333	0.5
1156	Huta Galung J.	0.75	0.6666666666666666	0.75	0.25	0.3333333333333333	0.25
1157	Marin L.	0.5	0.5	0.5	0.5	0.5	0.5
1158	Ketola T.	0.75	0.5	0.5	0.25	0.5	0.5
1159	Zverev A.	0.96875	0.9565217391304348	0.9230769230769231	0.03125	0.043478260869565216	0.07692307692307693
1160	Braga P.	0.5	0.5	0.5	0.5	0.5	0.5
1161	Schuttler P.	0.5	0.5	0.5	0.5	0.5	0.5
1162	Lajola D.	0.5	0.5	0.5	0.5	0.5	0.5
1163	Maden Y.	0.5	0.5	0.5	0.5	0.5	0.5
1164	Donati M.	0.5	0.6666666666666666	0.5	0.5	0.3333333333333333	0.5
1165	Mackin A.	0.5	0.5	0.5	0.5	0.5	0.5
1166	Reichel A.	0.5	0.5	0.5	0.5	0.5	0.5
1167	Sijsling I.	0.9655172413793104	0.9166666666666666	0.9166666666666666	0.034482758620689655	0.08333333333333333	0.08333333333333333
1168	Walter L.	0.5	0.5	0.5	0.5	0.5	0.5
1169	van der Meer N.	0.5	0.5	0.5	0.5	0.5	0.5
1170	Fidirko N.	0.5	0.5	0.5	0.5	0.5	0.5
1171	Patriarca D.	0.5	0.5	0.5	0.5	0.5	0.5
1172	Ymer E.	0.6666666666666666	0.8571428571428571	0.5	0.3333333333333333	0.14285714285714285	0.5
1173	Dev Varman S.	0.5	0.5	0.5	0.5	0.5	0.5
1174	Martelli M.	0.6666666666666666	0.5	0.5	0.3333333333333333	0.5	0.5
1175	Marin J.A	0.5	0.6666666666666666	0.5	0.5	0.3333333333333333	0.5
1176	Delgado J.	0.5	0.5	0.875	0.5	0.5	0.125
1177	Slanar M.	0.6666666666666666	0.5	0.5	0.3333333333333333	0.5	0.5
1178	Wang J.	0.75	0.75	0.8333333333333334	0.25	0.25	0.16666666666666666
1179	Garcia-Sintes J.	0.5	0.5	0.5	0.5	0.5	0.5
1180	Safwat M.	0.6666666666666666	0.5	0.5	0.3333333333333333	0.5	0.5
1181	Fish A.	0.5	0.5	0.5	0.5	0.5	0.5
1182	Mirnyi M.	0.9902912621359223	0.9655172413793104	0.9615384615384616	0.009708737864077669	0.034482758620689655	0.038461538461538464
1183	Niland C.	0.5	0.5	0.5	0.5	0.5	0.5
1184	Bolelli S.	0.9714285714285714	0.975	0.9333333333333333	0.02857142857142857	0.025	0.06666666666666667
1185	Matkowski M.	0.5	0.5	0.5	0.5	0.5	0.5
1186	Kafelnikov Y.	0.9868421052631579	0.9565217391304348	0.9285714285714286	0.013157894736842105	0.043478260869565216	0.07142857142857142
1187	Mathieu P.H.	0.9897959183673469	0.9895833333333334	0.9545454545454546	0.01020408163265306	0.010416666666666666	0.045454545454545456
1188	Peric T.	0.5	0.5	0.5	0.5	0.5	0.5
1189	Gensse A.	0.5	0.6666666666666666	0.5	0.5	0.3333333333333333	0.5
1190	Djere L.	0.5	0.5	0.5	0.5	0.5	0.5
1191	Prashanth V.	0.5	0.5	0.5	0.5	0.5	0.5
1192	Vanni L.	0.6666666666666666	0.8333333333333334	0.5	0.3333333333333333	0.16666666666666666	0.5
1193	Garza D.	0.5	0.5	0.5	0.5	0.5	0.5
1194	Klec I.	0.6666666666666666	0.5	0.5	0.3333333333333333	0.5	0.5
1195	Wang Y. Jr	0.6666666666666666	0.5	0.5	0.3333333333333333	0.5	0.5
1196	O'Neal J.	0.5	0.5	0.5	0.5	0.5	0.5
1197	Eleskovic E.	0.5	0.75	0.5	0.5	0.25	0.5
1198	Coria G.	0.9850746268656716	0.9922480620155039	0.9090909090909091	0.014925373134328358	0.007751937984496124	0.09090909090909091
1199	Vanek J.	0.9411764705882353	0.975609756097561	0.6666666666666666	0.058823529411764705	0.024390243902439025	0.3333333333333333
1200	Parmar A.	0.8	0.5	0.875	0.2	0.5	0.125
1201	Ferreira W.	0.98	0.9333333333333333	0.9333333333333333	0.02	0.06666666666666667	0.06666666666666667
1202	Jouan R.	0.6666666666666666	0.5	0.5	0.3333333333333333	0.5	0.5
1203	Eysseric J.	0.5	0.5	0.5	0.5	0.5	0.5
1204	Ilkel C.	0.5	0.5	0.5	0.5	0.5	0.5
1205	Hewitt L.	0.996309963099631	0.9841269841269841	0.9893617021276596	0.0036900369003690036	0.015873015873015872	0.010638297872340425
1206	Biryukov M.	0.5	0.5	0.5	0.5	0.5	0.5
1207	Vliegen K.	0.9714285714285714	0.9666666666666667	0.8888888888888888	0.02857142857142857	0.03333333333333333	0.1111111111111111
1208	Lamasine T.	0.5	0.6666666666666666	0.5	0.5	0.3333333333333333	0.5
1209	Peppas S.	0.5	0.5	0.5	0.5	0.5	0.5
1210	Qureshi A.U.H.	0.5	0.5	0.6666666666666666	0.5	0.5	0.3333333333333333
1211	Gallardo Valles M.	0.5	0.5	0.5	0.5	0.5	0.5
1212	Mektic N.	0.5	0.75	0.5	0.5	0.25	0.5
1213	Serdarusic N.	0.5	0.5	0.5	0.5	0.5	0.5
1214	Carretero R.	0.5	0.5	0.5	0.5	0.5	0.5
1215	Popp T.	0.5	0.5	0.5	0.5	0.5	0.5
1216	Samper-Montana J.	0.5	0.5	0.5	0.5	0.5	0.5
1217	Portas A.	0.875	0.9838709677419355	0.5	0.125	0.016129032258064516	0.5
1218	Harrison R.	0.9827586206896551	0.8571428571428571	0.9230769230769231	0.017241379310344827	0.14285714285714285	0.07692307692307693
1219	Mahut N.	0.987012987012987	0.9375	0.9836065573770492	0.012987012987012988	0.0625	0.01639344262295082
1220	Zib T.	0.9411764705882353	0.9166666666666666	0.875	0.058823529411764705	0.08333333333333333	0.125
1221	Nishikori K.	0.9948186528497409	0.9838709677419355	0.9615384615384616	0.0051813471502590676	0.016129032258064516	0.038461538461538464
1222	Chen T.	0.5	0.5	0.5	0.5	0.5	0.5
1223	Massu N.	0.9824561403508771	0.991869918699187	0.8571428571428571	0.017543859649122806	0.008130081300813009	0.14285714285714285
1224	Lindell C.	0.5	0.75	0.5	0.5	0.25	0.5
1225	Vicente F.	0.9629629629629629	0.98	0.8333333333333334	0.037037037037037035	0.02	0.16666666666666666
1226	Cuevas P.	0.9714285714285714	0.9879518072289156	0.8571428571428571	0.02857142857142857	0.012048192771084338	0.14285714285714285
1227	Ortega-Olmedo R.	0.5	0.5	0.5	0.5	0.5	0.5
1228	Harper-Griffith L.	0.5	0.5	0.5	0.5	0.5	0.5
1229	Bemelmans R.	0.9090909090909091	0.6666666666666666	0.8	0.09090909090909091	0.3333333333333333	0.2
1230	Slabinsky A.	0.5	0.5	0.5	0.5	0.5	0.5
1231	Browne F.	0.75	0.8571428571428571	0.5	0.25	0.14285714285714285	0.5
1232	Rastogi K.	0.6666666666666666	0.5	0.5	0.3333333333333333	0.5	0.5
1233	Saville L.	0.5	0.5	0.75	0.5	0.5	0.25
1234	Gustafsson M.	0.8571428571428571	0.9166666666666666	0.75	0.14285714285714285	0.08333333333333333	0.25
1235	Lazov A.	0.5	0.5	0.5	0.5	0.5	0.5
1236	Kutrovsky D.	0.75	0.5	0.5	0.25	0.5	0.5
1237	Wang Y.	0.5	0.5	0.5	0.5	0.5	0.5
1238	Ciorcila P.	0.5	0.5	0.5	0.5	0.5	0.5
1239	Karlovic I.	0.994535519125683	0.9807692307692307	0.9836065573770492	0.00546448087431694	0.019230769230769232	0.01639344262295082
1240	Squillari F.	0.9333333333333333	0.9811320754716981	0.5	0.06666666666666667	0.018867924528301886	0.5
1241	Novikov D.	0.75	0.5	0.6666666666666666	0.25	0.5	0.3333333333333333
1242	Washington M.	0.6666666666666666	0.5	0.5	0.3333333333333333	0.5	0.5
1243	Navarro S.	0.5	0.6666666666666666	0.5	0.5	0.3333333333333333	0.5
